danceability,energy,key,loudness,mode,speechiness,acousticness,instrumentalness,liveness,valence,tempo,id
0.551,0.643,4,-13.091,1,0.0353,0.00313,0.00385,0.421,0.514,128.661,4JGKZS7h4Qa16gOU3oNETV
0.46,0.0491,3,-24.015,1,0.0312,0.943,0.289,0.111,0.183,95.99,6mCWbMMxaK5FsCpI9jNQUb
0.729,0.731,4,-4.823,1,0.0682,0.235,1.35e-06,0.391,0.838,138.204,6fR6Z0Vc1K6yQWNUIKjAIR
0.396,0.652,6,-7.237,0,0.0272,0.0851,0.0986,0.132,0.551,144.72,5y8vWKsOjVZXtdgi8xkaCD
0.578,0.678,10,-4.965,1,0.0338,0.0173,0.00013,0.106,0.425,149.819,4zLc6hMcOkRsGq0o19IFrC
0.326,0.404,10,-10.786,1,0.0383,0.741,2.8e-05,0.0738,0.269,77.628,0EoocgRhW9U7PI8fVpIgWh
0.512,0.525,5,-6.823,1,0.0401,0.327,3.3e-06,0.081,0.294,169.951,4kbz7rHVbyjKasuuqelccQ
0.521,0.441,0,-11.176,0,0.0248,0.232,0.149,0.362,0.238,75.221,236mI0lz8JdQjlmijARSwY
0.215,0.22,2,-13.078,0,0.0354,0.899,0.0594,0.141,0.0394,86.438,4G3tv0qZ4W20ZOvOb02o4P
0.775,0.562,10,-11.246,0,0.025,0.0655,0.153,0.0747,0.939,114.527,651In9fY9BregQWY0cF7l2
0.21,0.346,4,-12.069,0,0.0299,0.252,0.336,0.247,0.22,79.026,3D1Xnj2Q7oh7Vz3RH9fDvC
0.319,0.309,9,-11.944,0,0.0257,0.822,2.26e-06,0.0893,0.339,143.075,04e1VQ69ll2TR5Jp8F2n5B
0.394,0.547,2,-9.276,1,0.0383,0.436,0.000111,0.344,0.151,181.74,6c9nkeetGbsoXa7d5E1wHa
0.572,0.51,5,-9.99,1,0.0308,0.0329,0.103,0.163,0.188,103.973,2ejkRnZWPACfuqr06gFw1w
0.447,0.848,2,-6.175,1,0.222,0.033,7.46e-05,0.65,0.485,172.253,1ixbwbeBi5ufN4noUKmW5a
0.518,0.378,10,-9.995,1,0.0342,0.759,0.0,0.0883,0.518,113.541,6ArficY3dtVMWYkyTYkAJP
0.386,0.345,1,-9.249,0,0.0301,0.605,0.000334,0.113,0.0951,114.217,29U3UAoJsWlxb2i5GWpoLR
0.511,0.379,11,-11.3,1,0.0393,0.255,0.0,0.464,0.611,76.658,2bsgmN8S7r2qBgiV8z8iWO
0.333,0.572,2,-6.455,0,0.0302,0.00885,0.0,0.102,0.0707,110.402,2VPK0BMgwyRtx9QlyBpdb0
0.589,0.699,1,-5.883,0,0.0291,0.285,8.11e-05,0.0881,0.496,145.997,6t1ahr2f1t9iSjjNFwFb4C
0.621,0.713,10,-7.226,1,0.102,0.605,8.28e-06,0.103,0.609,78.022,607EA1HsuzrqqaPuxyNqpD
0.397,0.207,0,-13.155,1,0.0331,0.701,3.07e-05,0.116,0.268,171.282,2A6yzRGMgSQCUapR2ptm6A
0.551,0.291,5,-12.544,1,0.0283,0.434,3.78e-05,0.11,0.0823,119.005,5932kbyNt445gDTT2chRUS
0.546,0.217,10,-12.856,1,0.0278,0.869,1.07e-06,0.115,0.17,97.38,7mWg0rCwMkuqyhddnZClCE
0.567,0.492,11,-11.658,0,0.026,0.00439,0.0233,0.123,0.312,100.043,0SUtPSXuF57zK7CGQwRzgu
0.549,0.615,2,-10.688,1,0.0281,0.00602,0.0,0.259,0.403,136.268,3pOrSBBROCUhA3mDiJRGk3
0.522,0.744,8,-8.175,1,0.0371,0.027,0.682,0.0599,0.333,109.788,5WeMMlylGCVGc0ChHSysJA
0.375,0.395,0,-11.951,1,0.0277,0.738,0.00588,0.507,0.202,63.724,40w5KzJx6pS9J4hIEQDgIa
0.521,0.344,10,-11.944,1,0.028,0.546,1.35e-05,0.137,0.244,132.264,36phW4oPdrmv5U9cDg5ow3
0.533,0.74,6,-5.419,0,0.0418,0.31,0.000195,0.702,0.0907,148.076,1GBe2Gnd29NfbbHfn30xPM
0.311,0.732,7,-6.961,1,0.05,0.542,2.06e-06,0.871,0.297,78.322,2iMY9PUZnqKw7D7uU1krl6
0.294,0.329,7,-12.571,1,0.0338,0.625,0.00032,0.154,0.267,82.865,5Phy3qS90Q5I8DGcTxmSIL
0.31,0.403,0,-13.664,1,0.0326,0.0726,9.27e-05,0.139,0.466,134.48,72Z17vmmeQKAg8bptWvpVG
0.474,0.443,1,-11.422,1,0.0365,0.6,0.607,0.316,0.313,143.644,1JGW1e2tacnCgBPfRH0haY
0.649,0.618,9,-10.728,1,0.0265,0.596,1.46e-06,0.192,0.667,114.688,6r20M5DWYdIoCDmDViBxuz
0.549,0.28,7,-10.692,1,0.0311,0.474,0.0612,0.16,0.299,125.83,0MrZG1nTNQVzeSJKi6gFVF
0.579,0.133,0,-12.863,0,0.0384,0.951,0.00332,0.138,0.198,127.507,4JaoU6fL2Ifz2gDyFYtpiP
0.322,0.28,6,-9.367,0,0.0281,0.468,1.1e-06,0.102,0.175,85.794,1Cj2vqUwlJVG27gJrun92y
0.467,0.324,2,-10.451,1,0.0255,0.615,0.0248,0.118,0.166,94.301,6PypGyiu0Y2lCDBN1XZEnP
0.592,0.731,7,-5.794,0,0.0404,0.0185,0.0,0.726,0.392,166.028,18MkPr2xPSbmwE7Rlj1cEj
0.32,0.588,11,-5.49,0,0.0449,0.34,0.0,0.112,0.111,131.585,7rc6L3UtM0uvwfpsl07GBL
0.386,0.445,11,-11.713,0,0.0377,0.606,0.000243,0.702,0.188,77.881,5YwVDOWMKH7T0KtvpPSESQ
0.521,0.635,6,-5.607,0,0.0297,0.625,0.0,0.121,0.365,149.971,7uAVyurl86A5HZqOTCt3Ii
0.47,0.796,8,-3.277,0,0.0336,0.362,1.1e-06,0.133,0.215,113.108,1VNWaY3uNfoeWqb5U8x2QX
0.808,0.812,8,-5.012,1,0.0381,0.52,7.91e-05,0.134,0.269,100.331,1kiNatIrwDusOZfR29W0LJ
0.391,0.317,0,-10.449,1,0.0383,0.487,0.0,0.108,0.276,125.874,70zZclGWOjOVv9VRJ7RCyq
0.38,0.538,2,-5.493,1,0.0313,0.0223,0.00487,0.094,0.193,127.416,7c1iI6dwdCpHGYT8DGEfab
0.551,0.293,2,-12.503,1,0.0272,0.486,0.000273,0.0864,0.322,106.798,4vpeKl0vMGdAXpZiQB2Dtd
0.4,0.267,10,-12.488,1,0.0323,0.744,0.00734,0.103,0.0872,144.799,4TOMI010Sd4ZAX4aZ5TS85
0.397,0.219,2,-13.534,1,0.0307,0.772,0.0,0.145,0.281,111.58,4nzuujPepvK9gaUyxulAPT
0.342,0.297,0,-9.8,1,0.03,0.671,0.00101,0.0747,0.0586,121.346,6CiaAsqEyQqqFRPB3GnX8k
0.605,0.339,2,-9.786,1,0.0323,0.663,0.000127,0.0719,0.311,104.966,2dX1kUbQ4EVYV3e4PCqd6z
0.684,0.467,9,-7.829,1,0.239,0.56,0.0,0.0942,0.445,80.019,3PEx44by2Pe7E6M8tgqE5N
0.192,0.372,4,-11.449,0,0.0308,0.114,1.37e-05,0.181,0.039,168.103,16pngF7qRDnAkXt2FMuUdl
0.364,0.609,7,-5.841,0,0.0328,0.0145,1.63e-06,0.0599,0.143,137.545,5e7lvc1O66J05KqfeULRWn
0.502,0.454,2,-8.613,0,0.031,0.499,0.00202,0.303,0.205,123.974,1wmuRgOagFcqjOK8LOZvAc
0.495,0.326,7,-12.29,1,0.0365,0.541,8.85e-05,0.0996,0.371,136.243,476V2d6iA2tWXgQboKmTtA
0.476,0.584,10,-12.357,1,0.038,0.119,0.0,0.274,0.417,88.026,2UKkLqST2xWpK8n1b0Xr5Z
0.385,0.434,1,-11.544,0,0.0313,0.722,5e-06,0.192,0.388,132.454,1NeQzAqahRYI09bgLbhVFN
0.419,0.588,3,-6.259,0,0.0299,0.0401,0.0962,0.0838,0.0743,123.947,2NvbUcJTaaQeuJXfaA9U1W
0.226,0.303,0,-10.866,0,0.0374,0.897,0.878,0.162,0.094,66.727,5pSxOv6lbvdz2fddSUPdSA
0.219,0.298,2,-11.52,0,0.0313,0.944,0.254,0.094,0.154,79.136,6bk11TH82XrT5QUC1gDw9A
0.648,0.375,2,-8.509,1,0.0295,0.799,0.0,0.338,0.504,139.979,05MxJsc8F0G2u3IIz6g0b2
0.533,0.313,2,-13.007,0,0.0298,0.386,4.64e-06,0.0868,0.225,133.615,60ifqqPhbselSwXyGrGyMK
0.387,0.452,3,-6.966,1,0.0303,0.324,0.0,0.127,0.331,140.709,2K1g6ZjdpC7ulpo3WN76fW
0.569,0.282,8,-13.773,0,0.0274,0.876,0.854,0.0997,0.215,88.623,15Zt4Z0N6JMwyNp1vLQNfi
0.537,0.373,6,-10.081,0,0.0331,0.691,0.000915,0.083,0.244,83.936,6CKoWCWAqEVWVjpeoJXyNH
0.533,0.414,4,-10.775,0,0.0261,0.781,0.000102,0.249,0.237,84.037,6c1cmrXv4nraefnIEIU62z
0.523,0.366,10,-14.069,1,0.0331,0.498,0.0,0.094,0.291,142.814,6mIY6O7uNGgVqOoX70UAYh
0.76,0.585,3,-7.307,1,0.161,0.0102,0.000468,0.308,0.455,91.179,6uWez0py1zc17F7hjp7jIt
0.639,0.871,1,-7.776,1,0.032,0.0362,0.495,0.0789,0.359,136.073,4G9tm8hfoCZsLgVWOAxyWK
0.535,0.951,7,-5.859,1,0.0373,0.0174,9.61e-06,0.345,0.444,120.72,5Klo65Y9uouLjNVDV3pqh7
0.804,0.708,7,-13.533,0,0.0625,0.362,0.0057,0.123,0.885,99.984,2XO45SqRjcoL3NqyeKBoFK
0.806,0.549,0,-7.691,1,0.282,0.0268,0.0,0.0879,0.744,163.934,4z9SF6WXrEqsSdhFQKzScJ
0.615,0.43,6,-10.979,0,0.393,0.212,1.76e-05,0.314,0.495,192.094,7hEsqJKlu3Vk8rIQUGd4Vn
0.265,0.603,9,-9.155,0,0.0373,0.000425,0.0529,0.0835,0.302,97.996,2JEXDKSq7q9fEfPWfJYgqx
0.533,0.573,10,-5.579,0,0.03,0.169,0.0,0.262,0.396,147.72,6Fld2Kt2qoVrB2JIbyI4JJ
0.345,0.291,0,-8.748,1,0.0278,0.641,0.0399,0.151,0.299,136.751,2kVQpubE6URKKj9L7Upk2l
0.371,0.64,9,-6.02,0,0.0301,0.000464,4.43e-05,0.168,0.197,74.537,6kesIBNAY17BoAz28pnWMC
0.653,0.519,2,-10.164,1,0.0497,0.406,0.0209,0.101,0.822,98.883,1qRA5BS78u3gME0loMl9AA
0.321,0.389,8,-8.909,1,0.0498,0.67,0.00109,0.0926,0.128,127.778,20jZ7lf5eqDUQQruuMSKVE
0.591,0.967,11,-3.068,1,0.216,0.177,0.0,0.359,0.858,92.605,6zucgMkRLsGgNIN8o0qX0W
0.332,0.635,7,-5.653,1,0.0898,0.159,2.79e-06,0.0599,0.261,186.249,6KI1ZpZWYAJLvmVhCJz65G
0.491,0.616,4,-6.53,1,0.0349,0.0152,0.00045,0.125,0.0824,116.145,7jfZybgHr6yzp4iuMS2K8u
0.681,0.505,1,-11.709,1,0.138,0.137,0.0,0.234,0.399,89.953,1rJM37Dd4OcSJvzI84yCcP
0.51,0.267,9,-8.496,0,0.0275,0.53,0.00941,0.105,0.0399,108.4,0cckBtdJLxpuQKY8vfF1Hs
0.403,0.502,8,-7.253,1,0.0272,0.264,0.000414,0.115,0.277,85.016,7MG7gpATZUt9a8Z6S6W6kX
0.521,0.583,0,-8.451,1,0.0274,0.399,0.00174,0.347,0.353,146.009,11Mkoen07pKwyDqHiFnVU9
0.346,0.195,6,-9.601,1,0.0297,0.874,0.0,0.12,0.223,84.537,4biG2TPKDENHXA5Tz34IRd
0.41,0.601,7,-10.714,1,0.504,0.127,0.0,0.112,0.516,173.273,7x6hO9VMAee9x1iWaeNkL6
0.633,0.816,9,-11.223,0,0.0408,0.199,4.86e-06,0.988,0.606,93.85,7hkOgKKybgawYUcrkZD3wV
0.663,0.822,8,-7.586,1,0.0519,0.344,0.0157,0.289,0.496,120.015,5JJ8ffAZf3Cb9oUmmdGUtn
0.279,0.454,2,-7.733,1,0.0316,0.395,0.0,0.198,0.216,150.661,6lTTzSk1hRrxp4VMwXBp2l
0.6,0.444,9,-8.446,1,0.0266,0.368,0.00206,0.107,0.266,121.837,77HpxIv26uqLdvVajRQkPN
0.765,0.473,10,-5.829,1,0.0514,0.287,0.0,0.391,0.34,119.992,5kqIPrATaCc2LqxVWzQGbk
0.272,0.735,2,-6.548,1,0.0531,0.00622,0.00195,0.0781,0.0712,99.996,1WDJfch4wA8U6JCWSnMsxN
0.685,0.323,0,-8.695,1,0.0255,0.463,0.173,0.273,0.153,107.68,7henYpsVePUUrB8sQmhG6O
0.503,0.588,9,-10.569,1,0.0449,0.0496,0.0931,0.0706,0.367,62.302,3iKmdCDZK4XmqxIA9fVVGs
0.534,0.561,5,-11.089,0,0.0409,0.0442,0.678,0.189,0.219,84.978,01VFDkHBNJcCNUjzD3flWg
0.553,0.362,4,-11.218,0,0.0263,0.0458,6.01e-06,0.075,0.158,142.352,0nLiqZ6A27jJri2VCalIUs
0.731,0.737,1,-6.861,0,0.194,0.133,0.0,0.0732,0.616,98.004,673OnqT7JuOTkxyfa0BT0t
0.507,0.856,9,-6.865,0,0.042,0.00566,0.0934,0.696,0.661,93.052,3Lv59zQJQMIpZiSlszhc9T
0.387,0.539,7,-6.532,0,0.0349,0.759,0.0,0.21,0.381,163.939,35VvSoziBYTFTkcVzOnCQ9
0.521,0.233,7,-13.683,1,0.0254,0.635,0.0,0.245,0.4,78.93,5g3ZD7PmrEQlQZKDW91yGG
0.361,0.219,0,-16.553,1,0.0285,0.563,0.0,0.558,0.26,98.532,1jFhnVoJkcB4lf9tT0rSZS
0.404,0.43,4,-12.327,1,0.224,0.538,0.0,0.0802,0.641,180.061,6ek9SiEj5a65WIs2EV7qiM
0.442,0.52,0,-8.648,1,0.0261,0.184,0.0,0.154,0.177,77.437,15kLz0zNFdtsaJdXKSGmTU
0.457,0.434,7,-10.445,1,0.0366,0.0839,0.00552,0.123,0.0822,180.145,3PqG25cnEC8xQdsO0SkzQF
0.523,0.42,2,-7.128,1,0.0241,0.528,0.0,0.105,0.275,77.981,0kG0KGM2fM7fmGSKNG5TmI
0.448,0.381,0,-8.936,1,0.029,0.756,0.0345,0.0589,0.156,127.644,0n351kL1bolyMfdYhldm0R
0.477,0.277,4,-12.777,1,0.0372,0.718,0.00295,0.104,0.307,146.216,3MXONVadYdMHigMKNm2DlP
0.797,0.415,6,-14.712,1,0.0395,0.467,3.92e-05,0.129,0.841,118.727,7nZCg1jgmXIjSBRifWkmaJ
0.407,0.607,3,-5.867,0,0.0298,0.0484,0.0626,0.102,0.0991,123.894,3z8dDuKmwt5TxE2lXOFlhS
0.513,0.591,1,-6.407,0,0.0274,0.405,0.0,0.126,0.173,130.167,4jh9olf0OKCokpzxSyLeJx
0.658,0.353,11,-9.146,0,0.0326,0.225,2.18e-05,0.151,0.0699,126.934,3mLzGBUpLPfjNBery5CWYn
0.486,0.486,9,-7.103,1,0.029,0.345,0.0,0.139,0.184,128.768,0fJtP2HkuZtzfh30XIMtPw
0.613,0.335,9,-6.791,1,0.0281,0.841,0.000161,0.194,0.245,108.014,5XSU59wtE5CRCAEyHmmGy4
0.583,0.317,9,-13.526,0,0.0276,0.448,0.0991,0.276,0.226,102.033,3Bz7nPZrmgXhEb5M3fpgKC
0.461,0.205,4,-9.002,0,0.0326,0.967,4.07e-06,0.113,0.325,94.331,31SvDaSvLcwvCF4AA1zu4V
0.629,0.451,6,-9.974,1,0.0284,0.852,0.06,0.141,0.681,90.965,2Gsare6GuBE2Ph3zJanNKl
0.578,0.541,8,-13.334,1,0.0291,0.239,0.00028,0.192,0.617,149.841,4YNQilpG3YMaKmBq5pj69O
0.478,0.594,8,-6.98,0,0.0262,0.00431,0.149,0.092,0.388,139.945,3pcn8xZqu6xufhLsPOwHqD
0.807,0.552,4,-6.568,1,0.0333,0.00886,0.000218,0.238,0.783,93.006,2GGskYwS4j8LDMSDUJ8vrl
0.794,0.614,5,-5.352,0,0.0467,0.0964,0.0,0.0788,0.663,80.569,7jLbTp3qZzah9kMIdW8e5M
0.681,0.461,7,-9.169,1,0.0308,0.571,0.0059,0.0983,0.418,112.461,3NXm9kpdTKKM2GLVDgO5un
0.675,0.347,4,-9.324,1,0.0283,0.643,4.85e-05,0.0816,0.284,109.795,6ppXmhge05dhr6Cz59aEye
0.756,0.8,5,-5.158,1,0.0329,0.211,0.000724,0.0466,0.967,118.924,6xepovPqjvrkEw9Y5AMmTm
0.435,0.901,10,-3.694,0,0.0429,0.000303,0.0072,0.185,0.547,143.646,6RbC38oDCIXD8V2AOU1Tjr
0.77,0.475,7,-9.512,1,0.159,0.0561,4.72e-06,0.0607,0.473,82.511,1ckU1EhAO0Nr73QYw24SWJ
0.309,0.649,7,-8.994,1,0.035,0.0158,0.00591,0.367,0.312,166.915,7EZC6E7UjZe63f1jRmkWxt
0.523,0.943,1,-4.203,1,0.0337,0.00704,3.81e-05,0.0579,0.766,99.607,4EchqUKQ3qAQuRNKmeIpnf
0.282,0.656,8,-6.557,1,0.0302,0.0105,0.0,0.0892,0.242,139.352,0S3gpZzlT9Hb7CCSV2owX7
0.394,0.598,1,-6.537,0,0.0351,0.305,1.22e-06,0.697,0.134,125.417,7K7vAuC6Z6dlgHpQrvbHDC
0.457,0.618,6,-6.682,1,0.0296,0.00114,0.00257,0.0679,0.579,80.184,5WhtlIoxoZrMmuaWWEQhwV
0.693,0.549,6,-8.964,0,0.418,0.625,0.0,0.122,0.645,82.152,6H98N10OCmld8m5XyyulO3
0.559,0.473,5,-7.712,1,0.0279,0.446,0.00141,0.154,0.397,121.227,4IRHwIZHzlHT1FQpRa5RdE
0.573,0.59,3,-8.43,1,0.0557,0.667,0.000397,0.691,0.364,108.789,551qy5vUgrUfEUc4dCNfht
0.379,0.0585,9,-13.288,1,0.0433,0.97,0.00386,0.0933,0.181,128.848,4rFShDmPTwa0AaxPdrsUV6
0.34,0.478,9,-7.189,1,0.0272,0.0733,0.0,0.163,0.416,88.442,5zfHlLIPXOsH5iHE9bNoGd
0.644,0.247,7,-14.171,0,0.0304,0.773,1.67e-05,0.0835,0.345,121.298,2wC82IHj6GcFhHM6t6do6A
0.514,0.584,5,-13.049,1,0.042,0.0698,0.000183,0.205,0.557,114.145,1mSzuXVjjKC0bPh6iG6xjy
0.443,0.403,0,-8.339,1,0.0322,0.631,0.0,0.111,0.41,143.462,7iN1s7xHE4ifF5povM6A48
0.734,0.637,4,-5.677,0,0.141,0.0462,2.29e-05,0.0602,0.648,169.977,3CRDbSIZ4r5MsZ0YwxuEkn
0.454,0.655,6,-8.725,1,0.0284,0.00677,0.00147,0.106,0.0902,100.04,2KpILfzJhRkvHV4M64PL5v
0.65,0.531,4,-8.335,1,0.0364,0.457,0.0,0.249,0.487,78.946,2aBxt229cbLDOvtL7Xbb9x
0.719,0.435,5,-9.358,1,0.0856,0.149,0.0,0.261,0.582,76.67,6om52tevyqVMvl1mWTtKPM
0.518,0.254,7,-10.377,1,0.0281,0.222,0.000858,0.136,0.136,89.911,3DDeQ8TedL00TiIV5NmFrn
0.496,0.739,6,-7.193,1,0.0415,0.0211,0.00444,0.106,0.378,132.41,4JiEyzf0Md7KEFFGWDDdCr
0.339,0.218,2,-15.88,0,0.0356,0.68,0.000374,0.0871,0.0691,99.77,5hO2SJYP4vsO6h7ms8Rvyg
0.647,0.514,8,-10.05,1,0.0593,0.0655,0.0,0.398,0.386,79.975,1DIXPcTDzTj8ZMHt3PDt8p
0.694,0.463,2,-11.187,1,0.0279,0.511,1.62e-05,0.105,0.579,114.831,29b70iOlgRkYQ8ZzINZXph
0.573,0.902,6,-7.638,0,0.054,0.018,0.00125,0.0928,0.876,84.412,2WfaOiMkCvy7F5fcp2zZ8L
0.469,0.393,7,-9.968,1,0.0348,0.843,0.0,0.168,0.601,120.066,6VuO6xcpSeeLfqBo4ePbkw
0.434,0.304,2,-10.799,0,0.0473,0.841,0.792,0.1,0.108,66.486,3OQEVjVEQ6CvfAJ6XhTs6c
0.72,0.521,7,-12.468,1,0.0302,0.705,0.36,0.214,0.823,106.055,0IWtEFQBwRHaMXZQtGEVcM
0.487,0.279,6,-11.586,0,0.0265,0.647,0.00185,0.11,0.162,139.362,6kyxQuFD38mo4S3urD2Wkw
0.53,0.59,11,-9.169,1,0.025,0.183,0.00227,0.0675,0.43,144.202,2MAVcVr2oylw2OZ3hojWYj
0.772,0.717,9,-4.413,0,0.0609,0.0717,0.0228,0.102,0.632,94.99,2VSwBNYoMVcnMuo3b0q880
0.788,0.635,8,-2.922,1,0.135,0.0993,9.9e-06,0.292,0.601,141.019,35Y18Dv2pAiJ7v0Zou9gxI
0.639,0.795,10,-5.927,1,0.0655,0.034,0.0,0.179,0.939,171.378,6uP1ltEgH9Na7C1AkxJTvF
0.619,0.781,5,-7.456,0,0.0393,0.0245,0.000293,0.402,0.533,126.266,0MteK167vtyb6hoJNC3Uz3
0.512,0.477,2,-9.912,0,0.0311,0.026,4.84e-05,0.11,0.174,120.04,2X8dkNEf1T36Wp8pmRY8Vi
0.691,0.496,7,-7.45,0,0.0708,0.531,0.0,0.145,0.368,81.031,748wgFiJ7NrEH11UvOyzns
0.631,0.804,7,-5.492,1,0.166,0.00589,0.00116,0.16,0.671,79.898,1ng36571Iyov4HBxUClySn
0.865,0.521,0,-6.932,1,0.0371,0.548,0.000115,0.0989,0.748,129.059,1qDrWA6lyx8cLECdZE7TV7
0.834,0.699,5,-3.222,1,0.178,0.111,0.0,0.131,0.809,94.086,0xmjwnQ3FNE6HuWCt2nHdZ
0.738,0.541,1,-5.485,1,0.0311,0.559,0.0,0.0492,0.309,134.187,7ziHnshbknkpFLDW5yGBjO
0.362,0.258,7,-9.655,1,0.0315,0.0165,0.00714,0.231,0.133,77.021,7g5qe8VITjr13RIe8uM2p6
0.394,0.622,4,-8.258,0,0.0336,0.213,4.45e-05,0.0892,0.342,126.844,0cKk8BKEi7zXbdrYdyqBP5
0.617,0.335,1,-8.114,1,0.0303,0.385,2.37e-05,0.126,0.115,109.577,2YwiE0KVhqwIiT4OfT0SFk
0.52,0.468,4,-11.95,0,0.0338,0.635,0.0179,0.206,0.368,91.481,05oOCVsQb2Gi8JVrjvhAwo
0.638,0.717,2,-4.722,1,0.0337,0.346,0.0,0.105,0.249,100.027,4VUwkH455At9kENOfzTqmF
0.67,0.776,9,-5.874,1,0.0356,0.0184,0.00294,0.128,0.703,130.128,5RYLa5P4qweEAKq5U1gdcK
0.74,0.766,6,-2.939,1,0.178,0.116,0.0,0.0406,0.807,170.531,7FDV5ELOJHCGLe52AnttEd
0.654,0.76,0,-3.669,0,0.045,0.0797,0.0,0.299,0.41,99.945,09CtPGIpYB4BrO8qb1RGsF
0.764,0.803,10,-8.697,0,0.164,0.00246,0.0184,0.386,0.423,92.063,6M3lqzrkzSKrBehkeAxTXc
0.253,0.484,7,-5.976,1,0.0333,0.91,0.00327,0.0988,0.402,104.056,279JFuiq31EOxWAxJeWQi9
0.752,0.364,7,-10.375,1,0.277,0.0177,0.000306,0.278,0.534,89.842,1EhvYd5e7vkoN3udEN1Vyl
0.777,0.601,2,-5.931,1,0.126,0.0406,0.00201,0.0348,0.68,97.911,3XKIUb7HzIF1Vu9usunMzc
0.509,0.689,1,-4.929,0,0.102,0.0209,0.0,0.301,0.297,170.087,4n7jnSxVLd8QioibtTDBDq
0.469,0.469,5,-9.119,1,0.0269,0.243,0.0,0.111,0.357,141.924,0uul4WzezEwTELfdrWuh3d
0.228,0.492,4,-8.145,1,0.0346,0.3,0.0,0.13,0.223,128.083,7lCq5eyuHf0N83JCbIyDNv
0.734,0.864,2,-6.119,1,0.303,0.022,9.85e-06,0.246,0.47,105.932,5fpizYGbi5IQoEraj6FP0R
0.818,0.653,1,-8.396,1,0.204,0.0335,5.46e-06,0.22,0.533,99.931,31bf9SEOppLU6lQ85d8om6
0.802,0.566,11,-9.816,0,0.145,0.539,4.09e-06,0.134,0.153,140.099,3AaHVL2PTTN8AAbA48WMo8
0.908,0.669,7,-2.827,1,0.0738,0.00286,0.0,0.237,0.662,112.238,7lQ8MOhq6IN2w8EYcFNSUk
0.637,0.678,0,-3.798,1,0.266,0.209,0.0,0.156,0.254,84.039,561jH07mF1jHuk7KlaeF0s
0.862,0.479,7,-9.199,1,0.0645,0.0523,0.00126,0.589,0.924,109.877,3QHONiXGMGU3z68mQInncF
0.835,0.707,8,-5.074,1,0.0598,0.0219,2.19e-05,0.108,0.919,93.955,2mKouqwAIdQnMP43zxR89r
0.586,0.617,10,-5.169,1,0.0357,0.0418,0.000615,0.079,0.0924,94.956,5K69DyfCOQnfIMRqFFm2Ag
0.493,0.636,1,-7.408,1,0.0256,0.0629,2.49e-06,0.0921,0.279,79.419,78PKCefXwDLbl4FVO1Pjzh
0.62,0.446,1,-14.451,0,0.0347,0.589,0.0299,0.0727,0.868,88.591,3PzsbWSQdLCKDLxn7YZfkM
0.55,0.917,0,-3.159,1,0.0638,0.00428,0.0,0.197,0.601,126.115,6TfBA04WJ3X1d1wXhaCFVT
0.732,0.573,4,-8.872,1,0.0794,0.378,0.00012,0.109,0.596,90.023,4MADCd8iX5wuh7LCnJtEwS
0.614,0.543,5,-7.178,1,0.374,0.00776,3.28e-05,0.383,0.485,178.422,1AHfovSnGPVYKaahRtA0U6
0.5,0.98,0,-1.429,1,0.047,0.163,0.0,0.364,0.465,90.711,0t9kCmxoIlfgsDOmxMyk09
0.636,0.845,1,-7.759,0,0.0408,0.00255,0.316,0.0931,0.179,133.412,0iED12oFeFL6IVafoCEraG
0.716,0.698,7,-6.456,1,0.239,0.102,0.0,0.0728,0.569,176.012,61BqwgSRTyWH9M4uPjsC3B
0.645,0.417,4,-7.022,1,0.029,0.543,0.0,0.0982,0.256,77.054,00hVU6kDP67JHurfwG2dtq
0.691,0.7,5,-6.171,0,0.0837,0.145,1.05e-05,0.46,0.648,97.267,6kFpkcHtvKZCtKaBZOUwLk
0.311,0.209,11,-20.169,1,0.0414,0.782,0.000993,0.139,0.422,127.78,3Pm0GbwAVDYu4BNPQrQPfw
0.316,0.484,9,-9.11,0,0.0308,0.000334,0.00445,0.0912,0.299,117.363,4mn2kNTqiGLwaUR8JdhJ1l
0.477,0.535,9,-4.086,1,0.0299,0.0499,0.00251,0.168,0.143,116.726,6Eo2pS8rX1wQIAgi7XGBfh
0.741,0.702,7,-7.722,1,0.189,0.0278,0.0,0.094,0.736,173.878,6OmIDgADWwbBCuGNnd9jDj
0.611,0.47,4,-9.135,1,0.0356,0.585,0.0,0.58,0.97,85.527,1wfzOH54LylpiG8hAOjKcS
0.776,0.763,5,-8.124,1,0.0534,0.182,0.00647,0.077,0.82,128.433,0qxYx4F3vm1AOnfux6dDxP
0.89,0.672,7,-5.532,1,0.0621,0.707,0.000604,0.177,0.598,126.036,66U0ASk1VHZsqIkpMjKX3B
0.883,0.817,0,-5.414,1,0.235,0.601,0.00449,0.11,0.595,128.078,5MhsZlmKJG6X5kTHkdwC4B
0.452,0.928,2,-3.133,1,0.079,0.000706,0.000637,0.226,0.6,129.188,7rSERmjAT38lC5QhJ8hnQc
0.653,0.429,11,-10.473,1,0.0297,0.0849,0.00371,0.0693,0.627,146.073,7H3ojI1BsVy0dEJENqMt1k
0.579,0.508,2,-9.484,1,0.027,0.00574,0.000494,0.0575,0.609,147.125,40riOy7x9W7GXjyGp4pjAv
0.294,0.641,11,-9.316,1,0.0291,0.0163,0.22,0.112,0.226,79.759,3YRCqOhFifThpSRFJ1VWFM
0.756,0.422,11,-12.967,0,0.0292,0.0165,0.00183,0.0368,0.487,112.751,0e3yhVeNaTfKIWQRw9U9sY
0.358,0.387,7,-14.342,1,0.0324,0.746,0.0121,0.119,0.495,181.183,1B5Tp2Ml9nLlmTSJx8xVfI
0.58,0.279,9,-11.167,1,0.0307,0.778,0.931,0.108,0.306,158.009,1ZsUmKQt3RvaxuHVHbJlyI
0.591,0.402,1,-5.847,0,0.0337,0.192,0.0,0.148,0.0678,125.015,4lvJOtynZbT08pZO10YoOv
0.451,0.0531,0,-18.353,1,0.0417,0.961,0.682,0.102,0.124,72.708,6AcYLHkLDFn6qcZiPS6xNc
0.228,0.231,9,-11.147,1,0.0329,0.896,0.000724,0.0911,0.223,179.305,0c0Fz8009tgvWdsf0JEPdy
0.483,0.161,5,-13.358,1,0.111,0.906,0.0,0.114,0.585,167.858,0u6nYok4H73qd4NnNYkYeI
0.397,0.446,7,-7.032,1,0.0373,0.49,0.00892,0.111,0.214,178.05,0wrWxW18WK2MkrfDpRHkyh
0.611,0.33,7,-11.475,1,0.0504,0.862,0.0,0.18,0.418,150.075,1XtCRTHD8LzpI47zhWzWJq
0.572,0.418,0,-10.738,1,0.0349,0.635,0.0,0.0961,0.694,104.566,745H5CctFr12Mo7cqa1BMH
0.602,0.536,4,-9.74,1,0.0288,0.183,1.9e-05,0.0802,0.506,124.558,1L9fzw2pXprOqtemTwtxXF
0.617,0.491,0,-12.264,1,0.0274,0.00788,0.104,0.188,0.649,116.361,0fnY4MQat2zJsb8FKyLM9D
0.773,0.188,8,-12.383,0,0.0624,0.709,1.55e-06,0.103,0.288,79.042,4hhc1rMxhTFbTRf9gCFgyR
0.613,0.72,0,-7.957,1,0.0425,0.0132,0.0,0.104,0.561,117.341,3TW48DvQ7ChwY1Yy1tkMaP
0.626,0.716,9,-9.055,1,0.0425,0.393,1.89e-06,0.049,0.575,91.204,1WK7eLVsD0zH4UWm9ob3z6
0.367,0.452,10,-10.422,1,0.0307,0.0353,0.00228,0.689,0.189,113.066,54X78diSLoUDI3joC2bjMz
0.6,0.514,5,-11.178,1,0.0249,0.2,0.000774,0.107,0.603,98.957,7i0VrdLCDhvgWXfcT6EQJG
0.694,0.577,4,-14.63,1,0.0308,0.015,0.00836,0.0853,0.845,114.478,0a4agFmqHXxcZl1nho1BxM
0.824,0.508,9,-6.923,0,0.166,0.0469,1.36e-05,0.0779,0.683,127.987,1GqmzGCu6AnsiyTU8qzCGJ
0.521,0.654,8,-6.993,1,0.0401,0.452,6.12e-05,0.0984,0.125,139.071,18DfMhEx4ddoreHrvZDF6Q
0.61,0.508,10,-7.9,1,0.0386,0.664,0.322,0.0857,0.071,120.007,5rZRM3Lf4eGsMpCDcOJ87C
0.423,0.634,6,-5.877,0,0.0578,0.196,0.0,0.189,0.467,150.978,0lks2Kt9veMOFEAPN0fsqN
0.884,0.679,10,-5.857,0,0.282,0.0957,0.00209,0.0289,0.591,76.993,5Tl0HJvynZtKdSUMKbFVVX
0.631,0.749,7,-8.15,1,0.0576,0.205,5.21e-06,0.0667,0.437,89.646,30qVCFYKBtAENjTIBA8FPZ
0.57,0.461,0,-10.249,1,0.0285,0.501,1.88e-05,0.202,0.336,87.987,5I4xjdu4DeKUNMiufzQLoA
0.714,0.697,1,-7.887,0,0.032,0.0197,2e-06,0.0697,0.602,122.145,3AByU7TD4ZTwCKTx3YTnMD
0.241,0.394,6,-7.293,1,0.0299,0.597,0.0105,0.332,0.0964,131.266,53Om78AwCypEIDszjG4ebo
0.398,0.284,3,-12.852,1,0.0337,0.966,8.57e-05,0.116,0.114,109.599,0dRhSF9LV0HR8Jwd3MMMKJ
0.651,0.402,11,-9.303,1,0.028,0.639,7.73e-05,0.0765,0.258,119.873,3AoeaZs8dFemFJr3JdzOL0
0.412,0.953,4,-8.103,1,0.533,0.457,0.0,0.232,0.553,191.718,2GRnDQCkcN6BoujfUgywOW
0.579,0.44,9,-11.966,1,0.0348,0.56,0.000156,0.701,0.324,79.818,5uRGHfoV3HEe4PgHeeLCYp
0.371,0.22,7,-12.797,0,0.0324,0.828,1.23e-06,0.195,0.112,118.464,6XfxmT5QNCXvpZA6PKfWVL
0.432,0.261,4,-12.591,1,0.0512,0.953,0.00342,0.0903,0.273,89.567,6gxycjJNMgmAyfzUXBN80P
0.51,0.331,8,-9.161,0,0.0294,0.585,5.14e-05,0.111,0.205,75.842,6IsGqV5tpxH0HCRB7y4oNf
0.415,0.478,5,-6.665,1,0.0266,0.752,0.000768,0.186,0.304,68.803,28MXz5RstGpOYyup7teXyd
0.744,0.502,5,-7.719,1,0.0359,0.183,0.000228,0.189,0.66,112.344,1nQRg9q9uwALGzouOX5OyQ
0.747,0.226,7,-13.635,1,0.0414,0.908,0.000168,0.107,0.778,123.792,65jrjEhWfAvysKfnojk1i0
0.648,0.482,9,-6.514,1,0.0643,0.0676,1.56e-05,0.76,0.559,76.044,1luf18dR160FyYqTnIAXfE
0.688,0.646,2,-6.804,0,0.0257,0.186,0.15,0.104,0.243,109.991,3oSr0wvl7fDWp27853TVlR
0.266,0.325,4,-9.936,0,0.0316,0.809,0.0578,0.217,0.19,98.449,6tWVthgFSxGoCVAaTGqKGG
0.499,0.494,2,-6.069,0,0.0264,0.0646,0.0,0.182,0.129,77.011,4Y2bR875LdPq9JILrY2FSw
0.723,0.739,0,-7.943,1,0.401,0.403,0.0,0.365,0.805,177.886,5hHdrN23SMuJkAsoyUcN24
0.889,0.454,4,-8.598,0,0.221,0.0141,0.000186,0.203,0.436,100.36,3QRM0qZB7oMYavveH0iEqx
0.852,0.874,7,-11.208,1,0.0427,0.0168,0.45,0.133,0.666,129.029,0CtkjgZpkgnW7U6WmHsakD
0.651,0.665,9,-7.43,0,0.0269,0.221,7.91e-06,0.0403,0.647,97.996,2avaSeKHI5l4sLruVfLdi2
0.867,0.646,1,-4.674,0,0.288,0.303,0.0,0.279,0.67,88.634,6MdqqkQ8sSC0WB4i8PyRuQ
0.648,0.759,6,-4.315,1,0.306,0.0142,0.0,0.648,0.518,85.996,0YImOCkIJ2PWhCXaURCZnY
0.33,0.948,11,-4.403,0,0.418,0.0036,0.000178,0.291,0.411,192.284,4qhLwbEBUGUN0eNlzXAQON
0.533,0.473,9,-9.477,0,0.0304,0.167,2.02e-06,0.0899,0.305,139.193,4WOruM7TiQSETsWYy8bDSX
0.52,0.798,6,-5.498,0,0.0391,0.101,0.0,0.0932,0.168,101.944,4jp4Z02kzzg8gK0NmDGgml
0.69,0.752,6,-11.47,0,0.0455,0.463,0.00102,0.595,0.97,126.005,5lWSa1rmuSL6OBPOnkAqoa
0.586,0.739,11,-4.584,0,0.105,0.0558,0.0,0.579,0.522,101.033,4TwWOcvjY1qt3QJvtveAGm
0.781,0.722,7,-8.376,1,0.0667,0.236,0.000398,0.077,0.533,87.858,0qeKzbUsW0V4ZWRJrHNiD3
0.174,0.713,7,-6.586,1,0.0491,0.243,6.72e-05,0.136,0.341,188.217,5UR5aIbcfEdivfsPin8G45
0.815,0.955,8,-5.317,1,0.048,0.0133,0.125,0.0752,0.862,127.891,7s8jB4346bP9SJZlFItsVb
0.637,0.878,7,-4.449,1,0.0302,0.0775,0.0227,0.364,0.742,139.053,0FkLMOUTkSTPSAYkIXQ579
0.668,0.864,1,-5.129,1,0.0367,0.00121,0.0043,0.0785,0.672,96.049,7yCF65vpc7sUwPjftI0iFb
0.846,0.879,0,-6.25,1,0.0303,0.0974,0.0252,0.35,0.901,130.01,4abEcEslcRjBS6xSZh9naQ
0.65,0.702,2,-9.085,0,0.0295,0.0534,0.00121,0.0496,0.775,120.057,033uNwmVzZvXm00CUPBnA0
0.574,0.883,0,-6.532,1,0.0339,0.000144,0.839,0.167,0.479,137.968,557q3cfw95ChPhoupTVUUZ
0.689,0.911,8,-5.828,1,0.0549,0.00027,0.859,0.426,0.562,138.022,06MaHjSGleJNvfsugH0mFi
0.547,0.831,11,-11.298,0,0.0319,0.0874,8.34e-06,0.222,0.909,168.581,5mwzpzRue1SBWwrbbhXfbf
0.67,0.306,6,-7.701,0,0.0526,0.49,0.00018,0.152,0.511,188.705,5N0VazKxOrBZhmJoGcZMbS
0.775,0.327,11,-7.241,1,0.0557,0.841,0.0,0.0821,0.595,91.05,4cktbXiXOapiLBMprHFErI
0.582,0.387,7,-7.719,0,0.0345,0.478,0.0,0.141,0.49,104.987,1eevfVKiTd8SRKpziU4UvZ
0.383,0.416,10,-10.552,1,0.0282,0.259,0.000218,0.107,0.265,133.34,0vMX2l0K3WCar36MSEdAb9
0.688,0.782,11,-3.683,1,0.158,0.152,0.0,0.803,0.453,146.324,222dTwr5XeEgAzEtsrQA0R
0.413,0.322,6,-10.973,0,0.0301,0.476,0.00534,0.0819,0.0711,77.934,4VBgY05ZTtylJGLkqiTCbZ
0.776,0.659,9,-7.767,1,0.051,0.434,0.0,0.0868,0.969,123.094,5z8DiKSG4EwxmO6gUi12rZ
0.808,0.5,8,-8.803,1,0.12,0.246,0.0389,0.061,0.515,92.029,3ZaDmFALjerSY8EKhnKFd8
0.799,0.539,1,-6.351,1,0.0421,0.199,1.66e-05,0.165,0.394,136.948,5Z3GHaZ6ec9bsiI5BenrbY
0.562,0.671,4,-7.801,0,0.0379,8.73e-06,0.000491,0.792,0.376,134.962,1KQxH1Z1BiSo3MMukVpRfl
0.469,0.278,3,-16.311,0,0.028,0.248,0.000126,0.133,0.331,169.735,1pTGc8pwyo6xtgXBKCBcFn
0.608,0.269,0,-7.201,1,0.0329,0.983,1.96e-06,0.337,0.389,126.372,6VrAgFXBbRX2PkT92lAoKK
0.68,0.829,4,-4.913,0,0.0559,0.115,0.000852,0.253,0.681,90.015,2bJtJv5NGkYUFP6prU3WSg
0.808,0.826,7,-4.682,1,0.122,0.339,0.0,0.0655,0.507,105.042,6tq6Z1nGaLmrZnqylgZ6M0
0.487,0.501,4,-6.124,0,0.0316,0.654,0.000807,0.097,0.067,116.141,28CbxqvoML43nJMU68VPx1
0.855,0.48,1,-8.902,1,0.0588,0.254,2.16e-05,0.151,0.798,97.793,3ErsOxqe2RmXkR65wkygDz
0.817,0.484,7,-11.659,1,0.143,0.0515,0.000213,0.0391,0.671,100.978,7vvRkLPIvfjjmCIqNxBuEZ
0.582,0.54,1,-11.021,1,0.0321,0.0621,0.0,0.178,0.433,94.955,6pceknxOgA22HKs99yPEm1
0.535,0.532,11,-9.865,1,0.0291,0.508,0.0,0.0868,0.3,79.106,22wWxHGHRH8gZXNDXRgSqY
0.544,0.858,7,-7.579,1,0.0524,0.000532,0.145,0.495,0.267,121.971,5MFfq2prCGr69MwrgqPxIr
0.576,0.588,5,-9.553,1,0.0308,0.0124,0.000177,0.148,0.316,127.969,5oAvb7LpUBwQfBtQ6hmS4Q
0.558,0.481,8,-9.487,1,0.026,0.315,8.83e-06,0.09,0.631,144.673,63nkNgHkmfgjElTEnCzKYU
0.602,0.905,2,-4.046,1,0.0775,0.000202,0.064,0.117,0.411,128.019,4VqPOruhp5EdPBeR92t6lQ
0.454,0.993,0,-4.424,1,0.168,0.00267,0.12,0.382,0.151,162.016,5mNwXxPxGHoYcgMe6t9ETk
0.367,0.34,9,-7.877,1,0.0306,0.755,1.56e-05,0.0868,0.0704,149.788,3PYdxIDuBIuJSDGwfptFx4
0.612,0.521,7,-7.647,1,0.0304,0.174,0.0,0.103,0.175,118.016,2feekrJqyB9lBEBgC54IQn
0.472,0.27,7,-11.649,1,0.027,0.729,0.0158,0.125,0.373,140.673,0O0bttAxJKKWqAqY2Nq4mC
0.735,0.618,11,-8.451,0,0.036,0.429,0.0,0.0411,0.723,101.077,1XFyebjye69ZVGR2WOze2U
0.483,0.492,5,-7.508,1,0.0266,0.205,3.35e-06,0.139,0.372,93.974,1eHKmgiSrsIGzcV6kbkn6R
0.553,0.658,1,-5.862,1,0.0273,0.121,0.000244,0.0969,0.444,134.004,4JAi20NP5hkUpaKvwtX1nO
0.489,0.483,9,-9.466,0,0.0275,0.42,0.0028,0.236,0.333,136.822,4S1VYqwfkLit9mKVY3MXoo
0.464,0.132,5,-12.935,1,0.0283,0.81,1.16e-05,0.0994,0.303,68.152,3vZMkLS1jP7NdNhzqGfUSW
0.843,0.244,9,-12.34,0,0.457,0.289,0.0,0.19,0.519,159.836,1Z4UKak2eNteHFZkwiYPNz
0.808,0.728,7,-6.689,1,0.0374,0.676,0.211,0.34,0.534,88.011,1McTZhC5JeEmEm0AbiAefJ
0.73,0.487,4,-10.991,1,0.0303,0.258,0.01,0.0852,0.731,114.965,254bXAqt3zP6P50BdQvEsq
0.503,0.544,1,-6.888,1,0.0231,0.29,5.69e-05,0.101,0.498,102.988,1OqPxxBQ74cnfedzJloP6q
0.271,0.597,8,-4.128,0,0.0311,0.158,0.00135,0.246,0.0746,103.29,5Z4FppKv32CM2LK3bUMSL5
0.629,0.328,11,-8.284,1,0.029,0.768,2.5e-05,0.103,0.389,74.953,1TQXIltqoZ5XXyfCbAeSQQ
0.7,0.787,6,-5.176,0,0.0327,0.00666,3.68e-05,0.0724,0.556,102.043,7rBzAkopTL4baeJGCFU7M4
0.433,0.174,5,-18.791,0,0.0537,0.982,0.101,0.111,0.366,95.802,4JLcAU2xY90qTkTSNM1lUa
0.451,0.558,3,-7.097,1,0.0332,0.00765,1.7e-05,0.205,0.131,115.261,0pL0mazVrYEwnV5y1jOQMf
0.481,0.392,1,-11.381,1,0.0312,0.366,0.0452,0.124,0.52,124.572,5YSI1311X8t31PBjkBG4CZ
0.283,0.242,9,-5.376,1,0.0328,0.826,2.67e-05,0.134,0.22,132.833,7FnI80Vp8EjRwyhvdMqsR3
0.607,0.803,0,-3.717,1,0.0892,0.277,0.0,0.38,0.586,84.261,5VhHnUm4BzkqbbmjWpAf3r
0.533,0.627,10,-6.683,1,0.024,0.149,6.52e-05,0.0902,0.633,83.673,5c3xGo679uxmjKtzGI3war
0.699,0.369,4,-9.01,0,0.0274,0.62,0.0,0.382,0.525,109.994,1ckcgs9cdzrHBtRrmuHYL2
0.617,0.977,9,-7.028,0,0.0276,0.153,0.0016,0.133,0.679,131.965,7CvOnbFdnIoXMQ4eFCo5lB
0.803,0.411,6,-16.013,1,0.0521,0.312,0.00344,0.0411,0.654,126.236,5JOVSWohrjXW0BFTboh8XO
0.5,0.185,7,-20.242,1,0.0535,0.728,0.000746,0.273,0.293,121.002,7aE5WXu5sFeNRh3Z05wwu4
0.763,0.777,5,-6.932,0,0.0364,0.281,0.79,0.134,0.929,124.431,3WMbD1OyfKuwWDWMNbPQ4g
0.297,0.438,2,-7.914,0,0.0273,0.492,0.00414,0.411,0.255,169.671,6wK5xr8Ko21wmRyWUyMBoW
0.612,0.921,7,-2.882,1,0.085,0.0183,0.0,0.0576,0.446,139.988,70eDxAyAraNTiD6lx2ZEnH
0.565,0.564,2,-10.044,1,0.0292,0.161,0.0,0.114,0.454,134.355,0jWgAnTrNZmOGmqgvHhZEm
0.591,0.638,6,-8.75,1,0.0742,0.122,0.0,0.113,0.659,146.004,3gptx5jrXs6ZWuBDV2P5h8
0.711,0.466,2,-10.247,1,0.0508,0.367,0.476,0.116,0.475,157.993,0Nbgl52I1fn25YImv3M9N8
0.663,0.296,9,-18.09,1,0.0294,0.68,0.00837,0.0879,0.359,112.306,7w5AOd6HrDIHewHfpABEss
0.635,0.412,0,-8.325,1,0.0269,0.308,0.0,0.136,0.43,102.925,5ZCHRkU8DiInkWQmzpfckE
0.506,0.413,0,-10.613,1,0.0258,0.0599,0.000389,0.0982,0.0705,104.347,2aJSaIEowroNh5jq4aADHT
0.885,0.844,10,-9.225,0,0.0733,0.0147,4.49e-06,0.0494,0.715,124.602,21qnJAMtzC6S5SESuqQLEK
0.504,0.888,8,-5.948,1,0.0661,0.0588,0.000101,0.256,0.303,116.44,6JamELaO7r65iGnHA2q5FV
0.494,0.839,9,-8.79,0,0.0647,0.0534,0.0706,0.253,0.219,126.329,0HoaLXRp7jJtdQFunUyUGc
0.681,0.569,2,-7.483,0,0.0242,0.499,0.00138,0.13,0.554,103.088,29wZF1OMFP5mgrmL0NzLeA
0.614,0.474,11,-10.133,0,0.0264,0.00563,0.00285,0.1,0.388,104.987,2VprRdTmbgyjXnDzHIcfNl
0.289,0.238,0,-12.244,1,0.0326,0.0421,2.73e-05,0.109,0.187,81.264,4MpIwDaZdFLafMDcAx4k4q
0.417,0.555,10,-7.613,1,0.0267,0.835,0.00226,0.14,0.37,87.093,2zXWobkVkFMWHJ0rNWpZrH
0.628,0.389,5,-10.177,0,0.0414,0.175,0.698,0.102,0.376,182.093,5FgQ1sdXqNhigH07ltJO3F
0.681,0.292,11,-9.599,1,0.0483,0.743,0.0,0.0974,0.162,64.002,52iLDrSoRtf9lcgFuLVfqE
0.497,0.755,2,-6.948,0,0.0497,0.0007,0.585,0.33,0.493,121.869,430efk5Jc5wGay4EWP4snS
0.491,0.613,0,-5.567,1,0.0266,0.00511,0.0,0.107,0.175,75.907,5WSsTyBvMEFG3ac6JKb9gY
0.445,0.856,9,-3.674,1,0.0327,0.000202,0.0101,0.367,0.486,105.872,0NJC0FDCODpPUntRTTQq97
0.308,0.747,0,-5.434,1,0.037,0.0645,8.27e-05,0.431,0.278,139.454,6beFuzSjwhOKFZp2aqYDdY
0.73,0.807,1,-5.942,0,0.0283,0.00339,0.0004,0.128,0.688,117.974,4y0wgwic6vFqUBN6Y1mkDR
0.263,0.442,8,-8.279,0,0.0309,0.603,2.99e-06,0.106,0.133,92.179,2FEWcWHnDmGD6WSqpW4VYu
0.534,0.694,9,-9.296,0,0.0472,0.000466,0.0485,0.155,0.45,166.791,2ZTIw0fZhFp3nnvF41nvVc
0.629,0.623,2,-9.007,0,0.0247,0.201,0.526,0.0687,0.781,87.535,6LeptO47NxkMMkAz50aHGC
0.487,0.382,7,-10.889,1,0.0309,0.0422,4.74e-06,0.411,0.714,116.557,1H5IfYyIIAlgDX8zguUzns
0.38,0.43,9,-12.564,1,0.0288,0.546,1.71e-05,0.188,0.547,82.204,1QbOvACeYanja5pbnJbAmk
0.708,0.832,1,-4.736,0,0.0362,0.392,1.33e-06,0.0561,0.968,99.953,2Iib2MV3ECFJAourgP9dlY
0.624,0.842,5,-5.285,1,0.0376,0.264,2.11e-05,0.181,0.257,111.037,1z3ugFmUKoCzGsI6jdY4Ci
0.671,0.446,6,-4.727,0,0.0241,0.564,0.0,0.0862,0.274,96.022,75pQd26khpV9EMVBRIeDm6
0.749,0.534,8,-9.123,0,0.0269,0.265,0.00022,0.149,0.936,105.644,2bIYgswnhjgyBUBZLZ9spH
0.659,0.513,0,-7.186,1,0.0293,0.315,0.0,0.283,0.855,133.609,6sPOmDulFtLzfX25zICNrC
0.715,0.614,8,-9.218,0,0.262,0.204,3.86e-05,0.139,0.277,104.827,5x5jtuR4qWJzC6cDTgysez
0.452,0.428,0,-5.552,1,0.0325,0.415,0.0,0.224,0.291,114.482,3nxEmpFc1R0kiDrULNkSaf
0.262,0.777,11,-8.671,1,0.0632,0.0109,0.113,0.12,0.264,152.5,0rFWuqFgHAfuzE8uSB9TWR
0.449,0.357,1,-8.48,1,0.0266,0.0605,0.483,0.105,0.178,66.979,72dIN8F7D5ydB3auSqNi84
0.731,0.65,0,-5.286,1,0.271,0.107,0.0,0.124,0.605,154.968,6cjSh516BbrNUs213jDAGm
0.34,0.226,7,-8.709,1,0.0288,0.9,4.9e-05,0.0987,0.263,144.464,4LGJEm2I08fksgItQNBfhI
0.468,0.441,2,-9.413,1,0.0266,0.247,0.0,0.0849,0.245,135.584,23pQgWTFP1QlEvFf3P7KU8
0.452,0.607,0,-6.814,0,0.0457,0.479,0.000109,0.205,0.299,118.263,2kQCGxKepDV6KkvliPck3N
0.532,0.542,4,-7.961,0,0.0247,0.503,0.0,0.173,0.539,95.97,2PYP9kcLqqNfRUXHCheYmn
0.669,0.422,9,-14.513,1,0.0528,0.79,0.00416,0.136,0.516,123.022,5QEfKPnKOhAyldWLsJwqtp
0.492,0.295,0,-14.354,1,0.028,0.62,0.0,0.058,0.219,76.03,5htVpSg4gAdO5fGvwlo8wt
0.336,0.354,11,-8.919,0,0.037,0.637,0.0,0.18,0.328,185.831,5wocy7ceSDQuLXrcHu2d4F
0.708,0.693,11,-9.557,1,0.0917,0.211,0.000515,0.162,0.892,108.319,2SWmfd8iv4CiBOztWJebux
0.446,0.142,9,-13.498,1,0.0335,0.96,0.00114,0.101,0.156,135.724,6nRvgo4ySezQKD1D7NIqAu
0.134,0.474,9,-13.864,0,0.0518,0.826,0.58,0.195,0.133,98.854,6PrKZUXJPmBiobMN44yR8Y
0.534,0.511,7,-9.629,1,0.0352,0.492,0.000314,0.0588,0.128,138.977,6M6S6DhGZZzmtTjP1iPvxb
0.686,0.699,1,-4.854,0,0.0468,0.191,0.000301,0.272,0.682,77.019,57vONmoD0vJTTTwW10ofrZ
0.527,0.942,1,-5.64,0,0.0366,0.0115,0.0,0.188,0.495,148.723,7FwBtcecmlpc1sLySPXeGE
0.701,0.565,7,-10.709,1,0.0553,0.0736,0.000504,0.193,0.899,153.942,445qQk3nyQwmjf4vzDghKd
0.848,0.461,2,-6.807,1,0.0686,0.233,3.13e-05,0.192,0.219,122.969,6hBHSglQeZDkfkDYPBxG4i
0.696,0.675,0,-6.389,1,0.0363,0.174,0.000194,0.0676,0.528,110.993,5W1RVhkSBzl4pMU1jz9ZIl
0.857,0.298,1,-15.611,1,0.0616,0.00217,1.08e-05,0.209,0.825,89.124,4POgt5ayni68MeLqclubcC
0.532,0.619,11,-8.453,1,0.0341,0.554,0.0,0.0863,0.46,104.836,0N8k2BMj03pAbtBljCiD4Q
0.617,0.659,10,-6.681,0,0.0351,0.328,0.0,0.133,0.658,84.022,1zvEyArJj6LU9OKlPyQ3nk
0.525,0.258,3,-14.914,1,0.0251,0.81,0.0378,0.0782,0.3,73.03,5b1AEdCpaCSNO8Z3i3SlFV
0.218,0.525,8,-7.953,1,0.0327,0.48,2.57e-05,0.122,0.298,71.521,1VEJDYFjzIzi91n8XwM1ik
0.537,0.789,10,-5.578,0,0.0549,0.372,2.66e-05,0.138,0.527,123.763,1HPJOoIVdUPuaebxzMrVaD
0.756,0.61,5,-13.002,1,0.0709,0.0806,7.89e-05,0.114,0.863,173.818,07itbZUgkAmBi4CEH5NniJ
0.663,0.694,10,-8.627,0,0.171,0.0253,0.0,0.0698,0.525,167.953,1RKUoGiLEbcXN4GY4spQDx
0.356,0.425,9,-8.718,0,0.0346,0.333,0.0021,0.113,0.0893,120.475,6MVDUtz93e5fdleYLmxA6w
0.58,0.575,3,-7.72,1,0.0231,0.25,1.83e-05,0.0813,0.37,92.934,31v2AQlx4pDI7kmnLxBkem
0.512,0.574,5,-7.016,1,0.0273,0.0425,2.31e-05,0.105,0.161,119.917,5GHY1DFWKz3Prg2V0Iodqo
0.524,0.261,2,-13.868,1,0.0272,0.755,0.00105,0.144,0.201,73.36,2xYQTU2bbg6WVAmpY1eae4
0.573,0.557,5,-8.814,1,0.0298,0.363,3.49e-06,0.435,0.738,78.047,30B4y1psLBadQqOK2k7noC
0.189,0.39,9,-14.497,0,0.0353,0.257,0.000152,0.122,0.32,169.563,0DnGfA1r8pAssJCuq4ojla
0.592,0.473,8,-9.834,1,0.0354,0.681,0.0,0.0732,0.741,203.989,4mnOVRRXsaqg9Nb041xR8u
0.418,0.249,3,-13.744,1,0.0301,0.841,0.661,0.112,0.213,82.803,6FLwmdmW77N1Pxb1aWsZmO
0.463,0.772,0,-7.623,1,0.034,0.000964,0.000963,0.344,0.378,80.075,33bRZk5XNOxjDYeeAJym0T
0.649,0.647,9,-7.695,0,0.0452,0.0039,0.161,0.0686,0.405,125.02,3850dYVgOFIXJh5U4BFEWH
0.497,0.455,4,-10.571,0,0.0287,0.743,0.0111,0.109,0.23,143.978,3rpPgv0Z3e5aN3c8ZNe0zp
0.957,0.226,8,-14.606,1,0.0594,0.119,0.0358,0.0796,0.768,102.072,1YnVYHXoak0syv4xBRHQRb
0.578,0.426,7,-10.897,1,0.0266,0.824,0.0446,0.0841,0.286,112.007,5z8mqbZ19tBja5c13PJtjJ
0.68,0.242,0,-16.264,0,0.0322,0.509,4.34e-05,0.071,0.169,120.126,1OzrlK57iLTIjmbZC1ppWM
0.622,0.525,2,-9.854,0,0.0392,0.171,0.00144,0.0855,0.304,78.446,72fkIO8SD7tKZ9jiiF0Jyu
0.345,0.88,7,-11.214,1,0.0368,0.000245,0.919,0.217,0.276,176.048,3yh4FsLHGgxYNp7wejknDG
0.847,0.0986,0,-15.952,1,0.17,0.47,0.000205,0.123,0.742,147.39,16GZtB4Ni2oM6wvOB3dxBA
0.83,0.794,8,-6.279,0,0.432,0.0253,0.0248,0.106,0.607,128.16,0YU17F0BlVXvmx5ytsR43w
0.781,0.526,6,-6.985,0,0.293,0.0619,0.0,0.0457,0.662,94.992,1CmUZGtH29Kx36C1Hleqlz
0.765,0.29,4,-17.117,0,0.139,0.0279,0.0,0.571,0.506,92.409,0Q0IVlqMV64kNLlwjPj0Hl
0.852,0.384,0,-10.712,1,0.0772,0.0109,8.67e-05,0.0871,0.376,88.976,2NRDR4m0G5gI5vGl49alXn
0.554,0.315,3,-11.028,1,0.0298,0.828,5.53e-06,0.101,0.325,128.157,38zsOOcu31XbbYj9BIPUF1
0.294,0.509,7,-8.138,1,0.0336,0.191,0.0,0.177,0.26,110.949,4xm2RpQtpFVlPlO1v4BrBr
0.355,0.718,11,-6.46,1,0.0388,0.235,0.0,0.0694,0.253,139.387,5yCGnTXgXyw64AnSq6yJaY
0.481,0.782,8,-8.145,1,0.0717,0.0102,1.77e-06,0.127,0.648,169.985,6lWY4ji9T0tpFU2xbnRC1p
0.473,0.434,2,-10.02,1,0.0257,0.701,0.0,0.628,0.711,94.814,7ngRS53kqxLcEt9Pythc5d
0.535,0.716,4,-5.025,1,0.0431,0.326,0.0,0.659,0.901,94.379,2Cdvbe2G4hZsnhNMKyGrie
0.859,0.905,0,-5.539,0,0.129,0.205,0.00837,0.322,0.731,89.946,3wuCCNCnBhJlwkIJTBZFiv
0.568,0.622,4,-6.548,1,0.109,0.063,0.0018,0.56,0.109,76.984,6rfahvufEQDIVTHJIU2QQB
0.35,0.834,6,-3.856,0,0.0596,0.00164,1.19e-05,0.149,0.424,192.005,0KQ1LhU7vGiXqn7eAw1nfl
0.582,0.679,10,-5.76,1,0.0324,0.562,0.0302,0.438,0.777,165.262,6p6LQkPZFP8MLCFT1tRpZw
0.375,0.426,11,-7.513,0,0.0311,0.706,0.0296,0.1,0.1,113.263,0JeofqiwTg2yg4uPBwfEyG
0.539,0.806,4,-6.218,1,0.0642,0.592,0.0,0.189,0.529,83.466,557cxXIeiwh03kI2F2jKdh
0.302,0.36,3,-10.01,1,0.0282,0.804,0.00353,0.199,0.24,152.672,4KUS3gWhOI1aQEkiPr8pfk
0.791,0.41,4,-12.604,0,0.084,0.167,4.38e-06,0.0763,0.511,91.021,1X3Vb1oIAW6Ee22JZAEi59
0.72,0.51,1,-7.84,1,0.0402,0.278,4.83e-05,0.06,0.679,79.979,0rj9JyD99yhdRUIxfaxosQ
0.651,0.339,2,-11.917,1,0.0246,0.372,0.0141,0.0739,0.32,103.996,0I1DJdLt9BKOb7GWmWxCjo
0.643,0.797,0,-8.916,1,0.0445,0.172,4.07e-05,0.0722,0.676,94.962,2G1P5HoHl95ZWKmK4P9g47
0.54,0.604,10,-3.831,0,0.0255,0.341,0.0,0.114,0.389,95.974,1By0EoZgkP7shwWfokVzfW
0.388,0.319,2,-13.227,1,0.028,0.915,0.000811,0.136,0.254,94.475,5bLWWo2SeuRzwnfVOms336
0.528,0.679,1,-4.363,1,0.0332,0.00323,6.7e-05,0.132,0.299,157.906,02Ce7oG6iV06SQpqHS6xYZ
0.192,0.229,7,-13.828,1,0.0309,0.959,0.00146,0.0693,0.226,85.516,3esK0w6IPlcvCa27sqUYeg
0.59,0.338,11,-13.101,0,0.03,0.292,0.0131,0.121,0.322,110.581,5BUq9bdtsm3LWw5laJeJ4R
0.426,0.647,10,-8.228,1,0.0279,0.0163,0.00118,0.106,0.311,75.944,2stzPKoUdtHcA4LlEu2ayw
0.785,0.455,0,-11.248,0,0.13,0.113,0.0,0.0909,0.908,180.054,4gklo60fd9bFv5RspA79w6
0.73,0.892,9,-5.298,1,0.17,0.0801,0.0,0.323,0.952,170.594,1VkNLfYxoS7Uc80xvt1xBK
0.668,0.73,10,-7.182,1,0.0366,0.225,0.0,0.188,0.894,92.049,2wSAWEYUHkt92X4SBAPqZE
0.452,0.509,2,-7.334,1,0.0297,0.771,1.63e-05,0.319,0.609,123.412,3kt3BXB8CXxdlIh0wQ0o9i
0.607,0.317,7,-10.244,0,0.029,0.732,4.53e-05,0.086,0.111,108.122,3RSpK5Y0y5tl25qvssrwJ6
0.865,0.665,7,-6.289,1,0.073,0.0453,0.0,0.224,0.331,111.113,1ofhfV90EnYhEr7Un2fWiv
0.398,0.496,7,-10.744,1,0.0353,0.537,0.0016,0.123,0.3,139.662,2iBJDuwNkoewHARF0boVET
0.712,0.654,0,-5.485,0,0.0266,0.0189,1.77e-05,0.0659,0.48,91.008,5cfY58HnqymURfELuqjh8V
0.694,0.977,4,-4.553,1,0.0734,0.0115,0.1,0.0916,0.333,132.994,2YOuBWIyHgyvHnLMpjzBf2
0.808,0.786,4,-6.897,0,0.0447,0.00928,0.0701,0.0574,0.899,96.987,0hrBpAOgrt8RXigk83LLNE
0.748,0.423,1,-13.371,0,0.311,0.33,3.61e-06,0.0586,0.366,82.424,1xyqK0uIgzsto6z1HstSHt
0.66,0.848,7,-9.662,1,0.0316,0.0243,0.000412,0.117,0.941,135.169,4sNHKnYHiMyWuI3aaDZ9uc
0.452,0.489,2,-12.425,1,0.121,0.303,0.0,0.488,0.654,159.068,3u6v1F9EQqYFaCAou7ipzN
0.643,0.584,2,-9.073,1,0.0462,0.253,0.0,0.089,0.589,84.983,1ifq3DVpguU02W6Prh5T3u
0.248,0.454,11,-7.399,0,0.04,0.643,0.124,0.0985,0.288,89.502,71PTdodZqZ7iVPkKzbvwAE
0.74,0.772,0,-7.793,1,0.32,0.199,1.14e-06,0.126,0.818,90.025,4mgjdD83RABXAM64vB3AQu
0.699,0.473,10,-12.169,1,0.04,0.103,0.0113,0.0623,0.801,152.12,4vlZaCdxhri5kxNu5h9gDX
0.507,0.481,4,-8.143,1,0.0269,0.122,0.0231,0.44,0.0737,114.242,4jBEyGpFHppg5jknR0yxcy
0.68,0.636,2,-5.824,0,0.0287,0.243,0.0,0.12,0.291,116.016,6hjf0LzcBmqD173bRnm7VB
0.712,0.27,9,-18.52,1,0.0663,0.132,0.00657,0.0982,0.756,75.645,2dThEJP9S344qzNhePcSzj
0.413,0.626,6,-6.504,0,0.0735,0.511,0.000338,0.0845,0.435,82.971,36O7qmyKLHpUY6WdWh8M5g
0.708,0.722,4,-5.704,0,0.113,0.156,0.0,0.157,0.572,89.995,2YWYW6QMP4uICwsWgnsRNm
0.658,0.659,8,-6.091,1,0.0302,0.00224,0.00325,0.107,0.636,88.025,2JxfAljAQP7OMfHFF9DcNc
0.38,0.593,1,-11.216,1,0.0354,0.534,0.000136,0.0544,0.407,187.464,5UBegn4KJAQuiy04i01Yz1
0.708,0.587,11,-7.93,0,0.151,0.273,0.0,0.0718,0.554,83.46,6MLsahMK3VvH9NUwXOktdS
0.759,0.678,9,-5.148,0,0.314,0.23,0.0,0.15,0.327,89.64,5ljCWsDlSyJ41kwqym2ORw
0.576,0.534,5,-8.143,0,0.26,0.0483,0.0,0.0986,0.111,75.104,6jeDnK6mvZbXJgRZXkSkBB
0.588,0.554,8,-8.406,1,0.0545,0.216,0.118,0.0619,0.496,146.133,01UniWABhnIka7GgvzOC02
0.568,0.707,3,-5.672,1,0.0582,0.0608,0.0,0.0673,0.663,171.968,4WEaJQLlhlkOU7YJDLhn7x
0.695,0.544,8,-6.794,0,0.0766,0.767,0.0194,0.0963,0.629,82.176,3fLsheDFrLBPTUmSKTAD84
0.487,0.689,1,-5.426,0,0.0304,0.00301,0.0566,0.073,0.303,115.038,1I0J6On4QOekPz28UVBstn
0.434,0.183,5,-14.256,1,0.0462,0.623,0.0116,0.0814,0.187,136.822,5AqFuWrPbExvMT3FJQrIvd
0.747,0.672,8,-7.387,1,0.033,0.0168,6.46e-05,0.103,0.962,97.123,2V4OUmuJExlRPpyH99LNKf
0.522,0.482,11,-8.075,1,0.033,0.569,0.00367,0.106,0.42,151.866,79hHaRraMY1E8t8U2TS7jK
0.643,0.229,2,-9.654,1,0.0418,0.34,2.99e-06,0.242,0.37,124.085,2tFYV2RZGwRLCmfDqfI3OT
0.887,0.547,1,-9.474,1,0.264,0.205,0.0,0.176,0.592,96.847,7DjHbZFUdDtuklH6nfXoaL
0.468,0.627,6,-5.085,1,0.0476,0.0281,7.97e-06,0.11,0.159,179.642,698ItKASDavgwZ3WjaWjtz
0.474,0.622,4,-6.381,0,0.061,0.0129,3.82e-06,0.327,0.158,176.062,1tfVpMI8G6EakZU4rEja4w
0.3,0.449,8,-9.308,0,0.0306,0.395,0.000456,0.137,0.364,82.965,7H71gZwWs3xPWnHM30NDUp
0.719,0.422,6,-9.951,0,0.0252,0.00896,0.00052,0.302,0.55,109.754,0UUkOhG0LN1In3nIjYF9uN
0.582,0.778,1,-4.831,0,0.146,0.162,0.0,0.315,0.314,74.978,5diufoHZPKvTBMut2NLzbf
0.766,0.5,11,-7.558,1,0.0695,0.719,5.91e-06,0.304,0.71,84.044,6oSmp7qnvAxUXeUKhl67a6
0.594,0.696,8,-4.679,0,0.0545,0.0865,0.000101,0.0374,0.703,161.962,34fWtrle2sGfQ7CVu5VMru
0.654,0.39,4,-11.673,0,0.0284,0.158,0.0547,0.272,0.227,92.336,6uQUuBUwkTLzZOBvp8OKVm
0.456,0.233,8,-12.634,1,0.0255,0.433,6.42e-05,0.0538,0.424,75.174,6NVB6W7G3svCKe5zB7kY8q
0.511,0.97,10,-3.72,1,0.0414,5.6e-06,0.00136,0.18,0.566,132.986,2R6UrJ8uWbSIiHWmvRQvN8
0.617,0.84,4,-4.063,1,0.0512,0.36,8.85e-05,0.179,0.57,94.676,3LI4MmibTkXH5cGpCGZgyw
0.422,0.0409,1,-18.62,1,0.0428,0.949,0.0,0.104,0.239,125.039,427MINMvlF3OPkt1wwiPl2
0.766,0.882,5,-4.478,1,0.0719,0.0674,2.3e-06,0.281,0.544,107.932,0sNKiz82ATCvT3f3XVVUUj
0.513,0.875,2,-4.819,1,0.0336,0.000139,3.28e-05,0.0715,0.677,151.986,3ear11tYbMEmNDm2lxZTqL
0.644,0.846,7,-5.443,1,0.275,0.124,0.0,0.353,0.503,79.182,1qZqFtSINOOmjYH1UE9805
0.529,0.24,1,-13.203,1,0.0335,0.87,0.815,0.109,0.233,131.442,1ueOEwIxlCAivSC8ZrA5xW
0.741,0.29,5,-13.251,1,0.0302,0.294,0.118,0.0924,0.443,93.699,3fbnbn6A5O5RNb08tlUEgd
0.632,0.641,11,-11.699,1,0.0345,0.232,0.152,0.316,0.0691,140.012,65m718Zgltoiw4yqRu8fO8
0.481,0.275,0,-15.386,0,0.0253,0.709,0.00106,0.0978,0.28,91.579,1gBQVhCQoKoyuRJd324nkg
0.461,0.495,5,-6.916,0,0.0389,0.32,0.0,0.0868,0.43,99.93,58cKWhCT3I4yhxtNpBlMli
0.514,0.73,1,-5.934,1,0.0598,0.00146,9.54e-05,0.0897,0.334,171.005,0VjIjW4GlUZAMYd2vXMi3b
0.306,0.164,2,-12.346,0,0.0288,0.933,7.68e-06,0.16,0.277,139.007,4eAThr76s3rvv4xLz2vZrX
0.43,0.504,4,-8.997,0,0.0382,0.36,0.0,0.0799,0.276,156.223,4WbP5AjT2RFb3paBBD2BRM
0.553,0.397,9,-9.065,0,0.0444,0.357,0.000219,0.18,0.34,150.699,5CKtwvWxx2CZzPmDAhF4gL
0.529,0.426,7,-7.928,1,0.0587,0.68,0.000313,0.0935,0.182,169.873,0BLIUPUMVrWbu7QtLWdeNn
0.779,0.365,2,-11.394,0,0.0361,0.885,0.00175,0.0992,0.445,105.891,6qNuZL98ZSFOzIuG5zJrAj
0.336,0.469,7,-10.458,1,0.0365,0.835,0.0818,0.195,0.136,118.627,5VccJRQCjaYk8sfAM2jKgi
0.434,0.315,11,-13.761,1,0.03,0.325,0.137,0.131,0.196,128.779,2krjNGN2eoPy3cfJLtdZMV
0.891,0.809,0,-5.753,1,0.0756,0.0407,0.136,0.0743,0.967,126.023,4zy1s9GnxWsNzZp1688euA
0.442,0.491,7,-6.598,1,0.0246,0.00693,0.00491,0.114,0.125,79.954,5g1rzUEyVFNr2i4ifEjlVN
0.284,0.456,0,-9.241,1,0.0383,0.0804,0.0,0.413,0.29,87.239,0txKAVGacfraQqJWpjALTp
0.73,0.938,1,-8.788,1,0.0313,0.234,0.0923,0.124,0.937,132.002,3FgrXi0L9lkaFJlNy5NZ0k
0.366,0.159,1,-13.17,1,0.0312,0.966,0.479,0.114,0.124,145.983,5Bxx1JvzUJ7bFge08EgLbI
0.441,0.152,6,-13.509,1,0.0285,0.529,5.43e-06,0.0874,0.292,136.572,6puGVtKwILkssOLBywphhl
0.746,0.76,2,-6.009,0,0.105,0.0342,2.18e-05,0.31,0.902,128.976,1BqnZOkYJbvYLOhN0qPJDm
0.633,0.846,7,-6.347,1,0.0337,0.000819,0.00139,0.0762,0.448,89.23,1PhLYngBKbeDtdmDzCg3Pb
0.705,0.765,8,-6.479,0,0.037,0.222,0.000124,0.07,0.93,90.051,4tfLFDGypUWad5AT6772If
0.462,0.359,2,-10.121,0,0.0337,0.627,3.09e-06,0.159,0.252,106.821,4KEvtk10zeO3saXqKsKd1N
0.46,0.601,6,-5.486,0,0.0304,0.0377,0.715,0.0954,0.247,136.912,54DIzLw4LLxB3n1XiiQftU
0.214,0.147,0,-13.876,1,0.0291,0.837,2.28e-05,0.13,0.114,81.844,3inSAmtjMjAePyBUqh5Z3r
0.48,0.711,0,-5.967,1,0.0636,0.0283,0.00012,0.179,0.276,174.799,1JlQqsAXDTwBCW4eMSRWZB
0.464,0.526,10,-8.051,0,0.0268,0.00181,0.062,0.356,0.421,62.524,3W6d6o6pIHK9fVwDEHaPSR
0.544,0.465,9,-10.636,1,0.0307,0.0356,9.15e-05,0.091,0.162,124.007,24CgiBg8s74ePHRrRRe90D
0.506,0.893,2,-3.896,1,0.046,0.000309,0.0,0.118,0.415,146.971,59fQzvSv0wPQorW2Bh0pns
0.804,0.56,1,-6.912,0,0.0397,0.416,0.0,0.0608,0.768,133.682,65H6t1WQBim6q93yM8fEwn
0.517,0.365,1,-9.242,0,0.0262,0.742,2.58e-05,0.117,0.115,137.898,1XIGMVFVnTlt9IvT7FnhsO
0.56,0.852,7,-4.88,0,0.0574,0.00132,0.00342,0.295,0.412,112.979,4OfWh1GoWDXWiXCAm3DzPS
0.54,0.584,7,-9.579,1,0.0254,0.0108,0.00296,0.253,0.244,139.261,4aYLAF6ckQ5ooGGGM7sWAa
0.53,0.467,10,-12.237,1,0.0326,0.227,0.0,0.211,0.423,119.928,18d4wrjIe06xx5O5b7OfAu
0.583,0.666,9,-11.702,0,0.0307,0.0917,0.993,0.281,0.11,121.709,3kwql90R2gmkK12R8uGHCs
0.793,0.698,11,-3.626,1,0.104,0.163,0.145,0.0745,0.339,130.017,1n7omixiROWs5q6xpWiQuL
0.596,0.78,6,-6.534,0,0.346,0.116,0.0,0.118,0.711,167.945,2LztWxB6LAJGcelKFhqJpu
0.816,0.144,7,-10.148,1,0.0398,0.797,7.81e-06,0.485,0.523,99.678,2gs8HVC6KXOQe76XggzZH5
0.438,0.351,5,-8.624,0,0.0311,0.738,0.0,0.0804,0.319,114.704,4aphHbFTvDPrWgCTHMlO0l
0.258,0.558,9,-5.92,0,0.0381,0.186,0.329,0.105,0.252,120.596,75qhbL1xZ701NYV4Am6WKO
0.328,0.62,3,-8.173,1,0.04,0.077,0.1,0.161,0.484,109.943,15KOL8lPpC4z5PcMgMXtDW
0.244,0.246,2,-12.045,1,0.0333,0.961,0.847,0.109,0.191,75.345,4ujo5mOFJv85RI0mZ5U3iD
0.28,0.344,0,-12.577,1,0.0293,0.715,0.00642,0.133,0.232,171.143,7yzbimr8WVyAtBX3Eg6UL9
0.869,0.538,2,-6.239,0,0.0437,0.333,0.128,0.162,0.742,141.017,35cWnQKyLjmzkq81M51D9n
0.625,0.342,2,-10.692,1,0.0289,0.685,0.0119,0.114,0.47,77.488,77bSFAW32KgeyO4nIvrQQc
0.49,0.333,4,-10.539,0,0.0288,0.744,6.14e-05,0.105,0.284,136.097,3IE7CEMrk1uoqdb20dhMOO
0.428,0.53,10,-6.742,0,0.0293,0.00344,0.0134,0.142,0.253,96.01,0FEZEfp1BS5GmKsSXNj0MV
0.488,0.665,9,-5.553,0,0.0303,0.00149,0.0012,0.229,0.311,124.805,460Xalorn89L6XnOkkIHDB
0.549,0.341,1,-13.599,1,0.0267,0.202,0.00245,0.0956,0.409,102.975,7wckoMEtk10Jt9EhlyqPOY
0.451,0.402,7,-12.135,1,0.0297,0.365,0.000746,0.076,0.244,100.411,0R797G9o4tkDfRZj6KMnHS
0.676,0.652,8,-6.419,1,0.104,0.131,0.000394,0.112,0.397,75.969,1WiePnsn0lNmfFdZFU2THI
0.425,0.333,9,-9.454,1,0.035,0.872,1.32e-06,0.159,0.267,115.506,3mN8uh77sF9cWf6gZerKjo
0.275,0.598,3,-6.757,1,0.0305,0.185,1.11e-05,0.149,0.198,180.13,30q9tmV1f3vHli0MhHtZR9
0.375,0.717,4,-6.616,1,0.0366,0.451,0.00653,0.104,0.224,82.512,1ryN1lUyInxWIqAp0VoqLz
0.609,0.295,7,-14.933,1,0.0328,0.176,1.86e-06,0.0859,0.279,108.976,4PINSJIlBWsnVeveicq1S8
0.758,0.51,1,-10.645,1,0.0393,0.165,0.0755,0.272,0.27,102.992,6eWsgrQLZhLqy5VfGB9iFs
0.711,0.402,1,-7.708,1,0.0493,0.608,0.0,0.149,0.448,121.636,6h9b1NTHhnqh6CmsvNkuXO
0.563,0.414,10,-10.914,1,0.027,0.0276,0.0,0.155,0.193,132.107,00CKqQSBhAr2gePvyIzk0P
0.206,0.559,8,-5.282,0,0.036,0.138,8.14e-06,0.149,0.222,178.908,5yusRmeSKYqscpZntAwCbP
0.232,0.594,2,-5.907,0,0.0326,0.0303,0.0152,0.0717,0.149,140.009,1A7cp7bEenm3bRijF0WbDb
0.695,0.636,2,-8.933,0,0.0776,0.0119,0.0,0.0932,0.781,163.27,0BX8I3wKVVIo28MHePYB3f
0.387,0.889,11,-5.933,1,0.0447,0.000988,5.85e-06,0.249,0.76,170.138,2ffLx3EWVpBteQQkgaekCB
0.538,0.493,0,-8.712,1,0.0266,0.273,0.00666,0.0789,0.166,125.919,5gLp3jc5a7GfS7sWNMQPbl
0.881,0.235,0,-12.761,1,0.0553,0.129,0.000691,0.0405,0.835,123.488,1T0MJ8Mo93UGUFFguo9xqR
0.421,0.503,10,-7.4,0,0.0262,0.0147,0.000213,0.117,0.0504,169.918,7qE2dnkeMbhlvBHUdJxdML
0.529,0.435,11,-9.224,0,0.0278,0.305,0.0126,0.0869,0.203,108.045,7n5jbfcNThNjveCmXH6JN0
0.508,0.587,6,-8.724,1,0.0308,0.172,0.000258,0.114,0.101,129.988,7KAP3YxI2CTTR97nZiLCHd
0.51,0.1,0,-20.828,0,0.0288,0.937,0.0139,0.0975,0.0608,83.98,5aAfwNuKUeDuZd4wkUPlA2
0.272,0.508,0,-9.564,1,0.0409,0.0355,0.000894,0.0855,0.118,62.473,6jCA4rJ4caeRuyTxvf9UvA
0.524,0.238,4,-12.492,0,0.0312,0.873,4.94e-06,0.149,0.0909,132.039,60UFv7hfqYoT7Zk61k4lp6
0.342,0.0555,1,-20.257,1,0.0333,0.785,0.000919,0.111,0.075,152.821,38bw7l15N831T7TZWMVrPA
0.387,0.541,4,-3.615,1,0.0313,0.779,1.09e-06,0.101,0.207,107.996,3pG9D3c68vx9gglZkfwNYZ
0.489,0.885,11,-5.744,0,0.0493,1.15e-05,0.379,0.0767,0.507,94.995,4QCGfqoCLZ3x9iMgtzUMD9
0.443,0.442,9,-9.509,0,0.0261,0.262,0.000214,0.0994,0.272,147.999,2AmGtOFvBOISnmXJ7BJpnP
0.732,0.607,6,-9.933,0,0.0483,0.00494,0.794,0.0833,0.194,138.021,224rpVLXgdrfEL0uf76ZNg
0.472,0.658,7,-4.971,0,0.0256,0.0244,0.000146,0.195,0.113,100.044,3r3KRYYOFjNGD4OJB5ddam
0.758,0.694,0,-4.018,1,0.0285,0.169,3.19e-05,0.0953,0.56,140.032,7jDRpHDCAXwvLl0v0LpwaK
0.535,0.388,4,-9.844,0,0.0323,0.887,7.44e-05,0.238,0.202,143.613,58gn5gg9fpam1eQB0MLHe2
0.54,0.62,5,-9.451,1,0.0286,0.0524,0.022,0.125,0.443,98.003,50kkptLSUZNwUOntx4Y2SN
0.514,0.661,0,-11.447,1,0.0415,0.0044,0.0011,0.116,0.625,134.836,6R0hhdydFi2g7mWz0hkw5X
0.54,0.401,0,-8.742,1,0.0279,0.0903,0.0127,0.0944,0.0748,118.091,3Xw10Yd3uEktDKYsCre9Oa
0.395,0.601,8,-5.546,1,0.0384,0.0276,0.746,0.107,0.113,118.082,2bQFPkBlDtl93Oqo78UIH0
0.587,0.566,9,-9.932,1,0.0276,0.469,0.0,0.0644,0.528,76.055,42cxPm9jgbaxIVN77XA1m6
0.69,0.307,11,-11.671,1,0.0421,0.856,0.000318,0.0684,0.312,125.599,4S41F85LHtkLwgoSQiztoi
0.583,0.513,9,-8.91,0,0.0274,0.0243,0.217,0.131,0.423,93.926,3kRD84Yz6dRNaoGFrG5irs
0.572,0.214,7,-15.625,1,0.0293,0.649,0.129,0.125,0.485,95.542,6zC0mpGYwbNTpk9SKwh08f
0.913,0.742,11,-2.35,0,0.0562,0.461,5.19e-05,0.0553,0.805,95.017,6cEJheMNRySY0kBB31jtdk
0.582,0.689,7,-12.203,1,0.0277,0.607,0.0571,0.145,0.531,111.166,6V50MyHPGhEmwYu0Wdyf0t
0.406,0.124,10,-19.825,1,0.0342,0.613,1.08e-06,0.108,0.316,168.4,3lcP1anKWxdp6IRNF9vGhu
0.704,0.759,10,-5.656,1,0.0309,0.183,1.69e-06,0.0732,0.664,110.012,4Xkzt4HRZPYPd95Xqwk30b
0.777,0.7,7,-6.287,1,0.229,0.331,0.0,0.152,0.558,98.06,04BJ9O2b1mWaLsYeuXNd6m
0.649,0.979,7,-2.168,1,0.0696,0.602,0.0,0.477,0.746,99.995,1eevRKrgqWqRyrwkAWCEzl
0.418,0.589,2,-7.763,1,0.0433,0.5,0.000102,0.92,0.356,144.072,7y17NbMm9FBTvHUzxEzxsv
0.431,0.723,8,-5.887,1,0.0568,0.145,0.0,0.374,0.19,130.141,7wuJGgpTNzbUyn26IOY6rj
0.495,0.306,0,-9.481,1,0.0272,0.857,9.62e-05,0.0562,0.145,93.129,3Jnsn0AUysVxzN9fgJIZPR
0.337,0.847,3,-3.689,1,0.0459,0.00875,0.00114,0.147,0.235,139.061,7pn2efhCkZcPCM2zlR4RtY
0.61,0.668,6,-7.005,0,0.0323,0.392,0.000929,0.0782,0.311,109.907,1z9dqIrPy4WJlw5FiKHmlX
0.671,0.153,0,-13.569,1,0.0404,0.912,5.53e-05,0.0771,0.658,85.6,3oQomOPRNQ5NVFUmLJHbAV
0.461,0.0859,9,-14.676,1,0.0309,0.974,1.12e-06,0.077,0.31,79.817,5vtOJrmovXGxGsnAck694H
0.544,0.5,11,-8.253,1,0.026,0.0325,3.78e-06,0.109,0.177,93.621,0EKBV6GybPtALXUgWqWrym
0.775,0.377,2,-8.407,1,0.0373,0.491,6.01e-06,0.0702,0.261,97.006,3NsY2xR20MN1VvefwD4yvg
0.432,0.429,2,-6.511,0,0.058,0.295,0.0,0.293,0.141,141.662,574SDj6oswpGu5s9EM5mFT
0.559,0.147,2,-14.63,1,0.0377,0.868,2.25e-06,0.135,0.366,93.056,6XNGY2L8NKjOPYUORFWPiI
0.637,0.837,2,-8.605,1,0.0363,0.0393,0.00294,0.139,0.825,172.455,7aR1QwbQa26sjDXiVMLik4
0.611,0.991,7,-1.81,0,0.0413,0.0669,0.0782,0.103,0.445,133.849,26oBh1fvCfQ5ZaBAgwnLAw
0.721,0.745,7,-3.508,0,0.0366,0.151,1.24e-06,0.372,0.699,90.988,6FuGJB290AQMAHTfjOYVaK
0.798,0.625,11,-9.689,1,0.0548,0.00547,7.98e-05,0.103,0.858,93.764,6kWJvPfC4DgUpRsXKNa9z9
0.529,0.843,6,-6.908,0,0.0616,0.0628,0.000827,0.0608,0.188,117.662,3MrRksHupTVEQ7YbA0FsZK
0.711,0.649,11,-4.932,1,0.0382,0.0102,9.2e-05,0.11,0.587,109.944,1rdHsnsGmleo6MRctkkFmm
0.319,0.0918,4,-18.015,0,0.0335,0.453,0.0751,0.123,0.0773,141.612,6SrPnpNVEBtA29I6sYyEtQ
0.651,0.497,1,-9.609,0,0.0288,0.711,0.0198,0.112,0.295,108.519,3usLNFntnS2UPB0WqKtz4l
0.635,0.723,9,-7.775,0,0.0329,0.00222,0.0124,0.265,0.789,113.963,6JMYyVqwOSd8AVyQ4hKcoN
0.739,0.861,6,-4.175,0,0.0386,0.0719,0.000118,0.126,0.956,95.022,6XV0jEehcpGsjFnGg38ma3
0.864,0.795,8,-3.461,1,0.118,0.115,0.00519,0.267,0.665,126.018,3vYP0NDCcoPiUHpmtq9YIq
0.321,0.51,5,-7.02,1,0.0288,0.0986,0.0,0.186,0.136,165.066,5MWfGxvRpRrcOw21rqoJUP
0.383,0.659,4,-5.558,1,0.0312,0.117,0.0,0.0778,0.327,140.795,2RChe0r2cMoyOvuKobZy44
0.357,0.283,0,-9.759,1,0.0431,0.855,0.0,0.0785,0.201,178.091,458f6v8JPdsk6Qms2sddVm
0.433,0.474,0,-10.802,1,0.0285,0.406,0.00207,0.172,0.554,82.608,275zwUvniCAsNC1qUYLe13
0.416,0.285,9,-7.57,1,0.032,0.779,1.59e-06,0.0823,0.146,74.113,3PfLaEnZ7rLjY0NBv2Y1qH
0.66,0.456,1,-5.997,1,0.0245,0.48,0.0,0.098,0.296,96.086,7fbBhfx6KPy2pymlqIgqsa
0.68,0.674,0,-8.999,0,0.0491,0.233,0.0,0.117,0.502,92.02,7ByhqIL2dqk4W0jPTkWc9A
0.439,0.884,2,-5.596,0,0.0402,0.135,0.00245,0.206,0.378,108.993,0YXGcX1WyItr2nVCvkXaI9
0.706,0.675,4,-5.756,0,0.0386,0.0128,0.000355,0.263,0.463,99.942,3wuvVwA5RaifHz1uqKac8P
0.671,0.256,7,-10.743,1,0.0387,0.608,0.0,0.0737,0.694,115.871,26PwuMotZqcczKLHi4Htz3
0.553,0.623,1,-6.546,0,0.0393,0.602,0.0,0.0893,0.127,135.84,7djURPDp051cljWov6NyPy
0.582,0.707,7,-8.155,0,0.0543,0.463,0.000245,0.0935,0.238,175.95,7jfMaaQeNGR2nVQWK2v1qt
0.352,0.579,2,-5.187,1,0.0271,0.0785,0.00971,0.0901,0.125,82.436,2r6MsFUKOcyL0LXgidVcat
0.747,0.706,4,-4.653,1,0.0413,0.0844,0.00355,0.174,0.567,94.019,16MJqq0vEuW6GRX6faetTm
0.452,0.668,4,-5.118,0,0.0292,0.00516,1.45e-05,0.112,0.142,142.548,2mC33mxgLJN3IT65MGN3B0
0.52,0.582,2,-6.9,1,0.0337,0.251,0.000944,0.0613,0.516,115.853,2ESsNfspVoTIqHuuGbKVQq
0.624,0.307,1,-9.315,1,0.0339,0.83,0.000721,0.153,0.347,133.987,31OcX3jrVWkDGNhe3iC6Bz
0.462,0.154,3,-9.011,1,0.032,0.915,5.58e-06,0.163,0.194,138.436,5mAtGokCkQOa4GN181Casy
0.635,0.507,10,-7.651,1,0.0401,0.905,0.0,0.213,0.514,75.011,46iUMyeg3Dnr2JhQaTzCXd
0.374,0.778,5,-4.466,1,0.0363,0.1,0.199,0.107,0.484,133.85,4iya38ctQ1httyA6NOG9oW
0.771,0.836,7,-3.134,0,0.0754,0.0783,5.63e-05,0.0602,0.861,99.98,4IICFuWVVcNsrsdWu5DnJE
0.307,0.314,2,-12.212,1,0.0351,0.587,0.0,0.087,0.447,175.935,4D0Vrwpjp2kJpInRoZu0gh
0.513,0.396,7,-13.061,1,0.0299,0.251,0.177,0.11,0.229,140.208,6HSXNV0b4M4cLJ7ljgVVeh
0.507,0.34,9,-7.921,0,0.0279,0.217,0.0374,0.0408,0.208,135.9,15ZBhskY3fjUVIHidMReFk
0.735,0.375,11,-9.772,0,0.036,0.298,4.43e-05,0.109,0.361,118.058,4KRTc3Gp9LLfMktZ7Xe7U1
0.802,0.38,2,-8.319,0,0.0296,0.834,0.000326,0.117,0.319,120.985,1KxyhKhYxITrl0jgjjoc2s
0.352,0.424,6,-10.131,1,0.0394,0.733,2.3e-05,0.0664,0.141,127.047,2Q6RiCAKOrxRYtvl9pcpjY
0.629,0.511,1,-8.651,1,0.0326,0.114,3.91e-06,0.0588,0.181,128.038,5GorFaKkP2mLREQvhSblIg
0.475,0.504,4,-6.873,0,0.0268,0.606,0.000129,0.614,0.137,76.015,2MQZuvZ3uw6eHLK0jhMg9a
0.625,0.939,4,-3.115,0,0.0669,0.00138,0.0,0.424,0.644,102.999,776AftMmFFAWUIEAb3lHhw
0.798,0.443,2,-6.062,1,0.0403,0.244,0.0,0.326,0.354,125.232,7I6DceMT3utDOHjcYCbrr4
0.634,0.526,5,-7.881,0,0.0333,0.339,0.0,0.257,0.623,90.087,4v7DCN09hgXkKazefkznDQ
0.579,0.109,7,-20.141,1,0.0347,0.16,0.00416,0.071,0.128,135.318,5xdySZ8v0lEOKblcwXWT3M
0.662,0.429,9,-11.5,0,0.0537,0.71,0.000758,0.115,0.0861,80.022,4zvluMaWTXLLhWhxe6F1E1
0.494,0.482,7,-11.593,0,0.032,0.66,0.129,0.182,0.457,80.264,4kYOgT6xLkTAD8JgR24Esl
0.63,0.666,8,-7.468,0,0.0352,7.36e-05,0.00313,0.418,0.906,95.975,60L6TNbUeariZnP84cc1HC
0.638,0.511,2,-10.041,1,0.0289,0.541,0.00478,0.26,0.68,93.108,35lAjvsvS9k9HHuP1fjDT8
0.565,0.412,7,-14.092,1,0.0242,0.298,6.91e-06,0.206,0.351,83.19,6gAhuDvn8Ef6P710UMze9W
0.308,0.464,10,-9.032,1,0.0279,0.418,2.49e-06,0.143,0.318,103.734,6iXQrhhgBisdfvS34EMTZ3
0.625,0.435,7,-12.02,1,0.0286,0.02,0.00245,0.202,0.484,150.832,0kzSooCGpuphLwn8iTuO9h
0.508,0.304,5,-8.742,1,0.0281,0.696,2.79e-06,0.142,0.125,123.709,16wh1yPJ943pDjilVjzvLU
0.549,0.408,8,-7.698,1,0.024,0.341,0.0,0.0764,0.319,80.133,7izFzcBTx3DVXFeFYDeZKB
0.601,0.419,6,-8.803,1,0.0276,0.663,0.00191,0.095,0.279,85.895,3wpDabS6UZ0oGs0i8VudGq
0.484,0.479,9,-13.408,1,0.0318,0.161,0.0,0.374,0.465,131.121,5OVaKlR61qHzXIwquDeEwF
0.59,0.641,9,-4.59,1,0.0307,0.568,0.0,0.157,0.275,127.015,3NdwSe9TKbUaFIOtxAuXbs
0.701,0.677,11,-6.591,0,0.147,0.0737,0.000162,0.187,0.367,99.271,36jSIOSE72neBbKntCthqw
0.513,0.676,9,-6.148,0,0.0309,0.301,0.0,0.0864,0.311,116.592,5tewIdMVsaJWN19ZnmnPNN
0.381,0.198,10,-16.88,0,0.0303,0.825,0.00938,0.1,0.116,105.156,0z0Jr3FJrXMSN4YG6SuOAU
0.727,0.5,4,-11.872,1,0.0294,0.215,8.39e-06,0.0994,0.712,133.653,0pGym1doIHZsH6DEe7fTKs
0.614,0.59,7,-8.573,1,0.0333,0.179,0.0,0.352,0.354,130.224,5odXFIUE5YFAbA7iEdL0w8
0.304,0.311,11,-9.647,0,0.0344,0.675,0.00195,0.12,0.115,117.68,21qg0IBZf8R12qHd9A3AA4
0.83,0.699,8,-5.815,1,0.079,0.304,0.0,0.119,0.847,123.024,07idyjb93qYavu1s29HtBi
0.862,0.753,5,-5.356,1,0.0625,0.131,2.01e-06,0.077,0.827,105.039,7MC4XR9M9amdmKQr2iDF7i
0.629,0.696,1,-5.572,0,0.348,0.0195,0.0,0.0554,0.623,93.034,3QHPHLAkYV5cQBUYs6rowx
0.574,0.219,2,-14.779,0,0.0272,0.12,0.0178,0.0766,0.179,131.816,0Jc5Q0GPVqfKNPlOwkr0TD
0.432,0.454,2,-9.208,1,0.0279,0.00948,0.000171,0.146,0.198,180.935,5nZGujeiI5Yg3r9uTtv1WM
0.585,0.354,0,-8.193,1,0.0291,0.198,0.0,0.276,0.271,96.203,7DZM5chzRIYIwL1YqAjJLs
0.418,0.183,1,-14.449,0,0.0431,0.926,0.0,0.12,0.295,173.633,7B9PJPu2Vjq3HdvFEVfjzs
0.561,0.668,7,-7.6,0,0.165,0.0233,0.166,0.12,0.37,158.977,2jjSLv0fcTuyhvYh9aAtgA
0.549,0.865,6,-6.461,0,0.155,0.0191,0.484,0.0947,0.521,159.923,76W0Dj05PArGaHDNDgio8A
0.548,0.846,5,-7.752,1,0.0353,0.00505,0.00181,0.106,0.798,90.001,2ESVtAkIOHHHfS75NqdGcN
0.558,0.419,2,-7.851,0,0.032,0.577,0.00441,0.118,0.074,167.953,3NzuMtp3LDl11W9JhZUj8M
0.638,0.391,7,-9.463,1,0.0259,0.829,0.000605,0.128,0.179,110.056,2uV7d2DuVTAxv9LSylhkSq
0.649,0.341,7,-10.07,0,0.0254,0.867,1.69e-05,0.114,0.498,95.999,5hLb2hzGr7hc5KDaXPukgb
0.557,0.8,10,-8.477,1,0.0601,0.00132,0.0012,0.0906,0.582,135.47,1sTsuZTdANkiFd7T34H3nb
0.762,0.842,6,-5.224,0,0.182,0.0134,0.0117,0.0555,0.615,132.629,4kUuRopv1IfpGdkn44my3l
0.734,0.466,10,-8.658,0,0.464,0.243,0.0,0.106,0.788,89.318,28AvvchUP85ihRe9xCzcfB
0.546,0.607,0,-7.001,1,0.0262,0.0979,0.0,0.0967,0.115,112.085,3EY1sjf2Xq86pQN0L4hEnU
0.593,0.497,5,-8.38,1,0.0237,0.114,0.0,0.0604,0.318,86.833,3A4NwjDPWGyfOcuZ3WFWBP
0.799,0.419,6,-7.99,1,0.174,0.412,0.0,0.203,0.716,156.055,43Hit5V2BpPq2vxvca3ysc
0.484,0.751,2,-7.389,1,0.0372,0.0904,7.35e-05,0.381,0.28,77.546,3vYb9xEMOai7Uqc9YYpqjE
0.564,0.278,5,-12.375,1,0.0298,0.496,0.000647,0.109,0.292,79.958,3S0FymBrdPnp2oaOfitfBt
0.438,0.353,6,-10.479,1,0.0388,0.687,0.0,0.128,0.219,144.765,2wBb5Gjg8gXTml9yj5AqkS
0.55,0.407,1,-7.969,1,0.0351,0.602,3.94e-06,0.0879,0.139,127.141,6xSFHoLhBD9i89wUkKZ62w
0.566,0.543,0,-5.567,1,0.0269,0.328,2.19e-06,0.107,0.223,80.114,4wmJLiO60w7GXCRYqpePMk
0.852,0.797,0,-6.543,1,0.0614,0.322,2.69e-06,0.0845,0.741,96.008,228BxWXUYQPJrJYHDLOHkj
0.789,0.974,7,-4.101,1,0.0802,0.139,2.85e-05,0.325,0.892,128.004,0G8HGTqoZqjjVTWOI3G1Uh
0.536,0.258,8,-14.778,1,0.0304,0.848,0.00176,0.0875,0.124,129.839,3JIOkz5QLH2UjSMzeoGCH2
0.677,0.511,5,-5.795,1,0.0347,0.215,0.0,0.215,0.608,76.008,0MIL2kHQfHF5GB7YDDnfje
0.547,0.521,4,-7.728,0,0.0425,0.542,8.36e-06,0.158,0.417,185.801,03u2vjECPrP4PMbRi2HJG7
0.76,0.597,2,-7.543,0,0.0259,0.532,0.00179,0.101,0.289,100.021,3LVbHPkSY7h7Co5HxBkdY9
0.772,0.693,10,-10.535,0,0.0319,0.216,0.828,0.118,0.405,118.002,7f9OllBP6pkBRrRXM1ijXM
0.498,0.432,9,-14.386,1,0.0345,0.688,0.0,0.136,0.365,135.015,3AgiRs3oxc2dFh0CPUHXJs
0.769,0.505,1,-7.345,1,0.0829,0.311,7.49e-05,0.0777,0.757,171.804,6qspW4YKycviDFjHBOaqUY
0.511,0.517,8,-9.653,1,0.0328,0.13,0.0,0.074,0.433,75.67,5x9RZg7HfXGY3JayXL3seF
0.548,0.294,10,-17.112,1,0.0333,0.332,3.34e-06,0.0392,0.491,76.698,1GeNWyZtCHbcp3ZWp8GTOO
0.681,0.163,11,-22.597,1,0.165,0.881,7.62e-05,0.0688,0.771,69.283,5YbgcwHjQhdT1BYQ4rxWlD
0.716,0.512,1,-6.257,1,0.0331,0.483,0.0,0.0928,0.326,104.957,7uoFMmxln0GPXQ0AcCBXRq
0.638,0.785,7,-7.797,0,0.0663,0.23,0.0,0.364,0.677,84.959,0nHb7n7aPPq4dTFvkHEn5r
0.803,0.78,7,-7.03,1,0.0771,0.319,4.45e-06,0.0974,0.906,89.971,0ws8slcU4WfiQsl9TDsUk5
0.451,0.424,1,-13.208,1,0.0371,0.572,1.77e-06,0.0553,0.394,141.836,1exLL81vN8mD55M9HMOt1t
0.868,0.576,8,-4.899,0,0.375,0.0633,0.0,0.306,0.883,95.563,53ltJIEPekoA9EHhByZoIZ
0.666,0.767,9,-6.364,0,0.107,0.139,0.0,0.0852,0.423,85.959,6bhlSbVlAtWpekcbdqTWDM
0.634,0.739,1,-6.745,1,0.409,0.061,0.0,0.643,0.626,92.262,6rlgziqEE7WWmYjpq1W4UD
0.787,0.728,0,-7.705,1,0.218,0.0124,0.0,0.157,0.94,173.026,1SssFw74DdHVjRa6ADggdD
0.379,0.399,11,-10.778,1,0.0366,0.43,3.06e-05,0.295,0.602,117.571,5tJCUrMU6fOSuHJQbaJ0HO
0.54,0.326,3,-13.357,1,0.029,0.862,0.000643,0.103,0.402,150.616,2T9jopxGi7d92gbU5lmxDh
0.684,0.694,2,-5.035,1,0.141,0.0412,0.0,0.244,0.309,93.499,0xElUiZofDKd73alokSoTE
0.499,0.667,7,-7.88,1,0.0267,0.157,1.95e-06,0.0917,0.488,144.021,1935k4KOxCPZSdWGF6WkM8
0.604,0.344,11,-14.944,0,0.0299,0.313,4.36e-05,0.0815,0.488,156.897,3ShEGKdskF0ke7iW2u9gjD
0.545,0.529,11,-8.366,1,0.0284,0.0256,5.34e-06,0.15,0.33,119.798,01F4Ub7SYXXj954AfmwOVp
0.67,0.855,0,-3.035,0,0.0499,0.0124,0.0,0.335,0.648,120.05,62zFEHfAYl5kdHYOivj4BC
0.8,0.874,4,-3.955,0,0.0667,0.186,1.77e-05,0.0877,0.85,112.003,6YMPu36VGIknb8Ey1ohW3j
0.561,0.323,2,-9.212,1,0.0301,0.319,0.000178,0.0846,0.282,75.989,4SXDBlXBTiZL0t3kMtxtCi
0.546,0.268,0,-13.547,1,0.0255,0.674,0.00811,0.14,0.236,139.973,6q2siYjkPyHLD9GqXRJWQR
0.579,0.133,3,-12.443,1,0.0493,0.904,2.15e-06,0.104,0.204,80.085,6ER8C1AH5DiF4A8NUDCG0i
0.534,0.646,8,-5.52,1,0.0276,0.383,0.0,0.28,0.413,117.095,4DRqC64lihScDSfDRLVHrX
0.464,0.455,5,-8.077,1,0.0286,0.0785,0.435,0.11,0.173,124.783,1XnDaAVKGGztWGfnUUEId7
0.85,0.674,7,-7.981,0,0.0373,0.309,0.000645,0.0356,0.74,115.005,1C2Q3AymKS17bw7T5gfq6p
0.436,0.679,5,-4.27,1,0.0435,0.182,0.0,0.304,0.706,79.646,53Tx9xMaE5U8Gv6h9nYptl
0.644,0.718,9,-6.857,1,0.0305,0.524,0.000761,0.0565,0.57,152.082,3vXZSV1IMPC0KF5CzxzmVQ
0.533,0.609,7,-7.198,0,0.128,0.389,0.0,0.199,0.32,169.978,79ze3cDPBvy7uH7QwA6bpR
0.632,0.801,11,-4.684,1,0.036,0.0628,1.82e-05,0.236,0.528,150.002,1WxJDZ4hmtkIxfmrs9xhfK
0.473,0.698,6,-8.133,1,0.0349,0.0648,0.231,0.136,0.21,168.817,6BPDPcnbDMDf58srVzbfX9
0.857,0.713,6,-7.327,1,0.0354,0.0665,0.0279,0.0748,0.869,141.994,3W4x7fZhMHw2pE6wyBzzF8
0.38,0.812,5,-5.402,0,0.0463,0.00216,0.000603,0.0841,0.377,140.984,0sMndrLmkxy0kqE9JMANEu
0.7,0.727,5,-5.439,1,0.0341,0.377,0.0,0.351,0.885,158.35,1mUCy9sveYv1B949loQ1X1
0.794,0.522,0,-8.406,1,0.0854,0.106,0.00131,0.17,0.96,155.013,16JP9bATbkx9ActKHPiwHc
0.76,0.63,1,-8.177,1,0.0437,0.139,3.54e-06,0.325,0.747,160.026,3EtqrvobPhI8wbC0w7VrU3
0.668,0.527,0,-6.987,0,0.0624,0.524,0.0,0.151,0.489,74.975,2jvsoNUHdtBSSm32HBdAj3
0.531,0.542,0,-7.039,1,0.029,0.639,0.0,0.0485,0.388,111.785,20axrgBlxsVZ5m1otNOvC1
0.358,0.471,10,-11.565,1,0.0397,0.389,0.000636,0.0733,0.309,127.871,6uQ15UwuRKIgUJQakgkYtZ
0.631,0.508,5,-9.241,1,0.0282,0.117,0.0,0.144,0.457,87.961,3Nr7RPHiDQ01tAXVcufeUW
0.639,0.71,1,-7.445,1,0.0275,0.0133,0.0,0.118,0.378,119.989,2UZtI2HUyLRzqBjodvcUmY
0.615,0.616,6,-10.39,0,0.133,0.0399,0.000129,0.348,0.836,170.776,5NTZM8YYeKM2YsGSffVIge
0.59,0.851,4,-11.754,1,0.0297,0.0174,0.0975,0.154,0.968,146.213,6ZAwEE4kTdtvyE66iRhFxR
0.861,0.405,6,-8.84,0,0.0532,0.203,0.0,0.103,0.54,116.831,1IzmnrmW5mYDLXs30RddwN
0.788,0.773,9,-5.272,0,0.099,0.0381,0.0,0.35,0.584,73.978,2OHQhOiGIYaXqqJVIMpNrF
0.624,0.657,7,-6.628,1,0.0735,0.211,0.0,0.146,0.366,137.901,59ZLlnNh4oAbEKouRqQ3tX
0.868,0.434,0,-8.538,1,0.0634,0.234,0.0,0.167,0.576,116.999,7sEWCRGY38fibhCxJPOtmM
0.328,0.435,4,-10.284,1,0.0435,0.0677,0.118,0.183,0.0992,129.665,1myONPDiNfP95dKi85J8Tp
0.949,0.661,5,-4.244,0,0.0572,0.0302,0.0,0.0454,0.76,104.504,3yfqSUWxFvZELEM4PmlwIR
0.664,0.899,5,-3.335,0,0.284,0.349,0.0,0.109,0.772,83.961,4Q4Utwsj6fO5JHckWONzdh
0.874,0.487,2,-8.154,1,0.0641,0.393,2.96e-05,0.0524,0.746,144.956,4hKWUzhQWsOkgT6LnDEASe
0.681,0.592,7,-7.552,1,0.427,0.567,0.0,0.097,0.358,84.918,3u5YhpQxCmIRg1jj1q7wgR
0.347,0.272,0,-11.841,0,0.0375,0.813,2.37e-05,0.102,0.122,140.506,1UZs9dauJnxrqYxMIzxnwC
0.704,0.874,11,-10.801,0,0.0568,0.0706,4.84e-06,0.0947,0.939,146.989,6dugx9WBSS8TDxbKqp9zmj
0.595,0.705,2,-5.667,0,0.083,0.157,0.0,0.113,0.413,173.89,1d8qNjmQQn69PMOqrE8xwM
0.196,0.331,7,-10.168,1,0.0378,0.731,0.00153,0.228,0.18,80.14,6g8jDBAU1QNMPRdSap0lHD
0.578,0.661,0,-11.206,1,0.066,0.0249,0.00544,0.353,0.78,184.088,4wirRdI8OmfLQhf6SnaWYd
0.758,0.254,0,-15.687,1,0.0838,0.1,3.12e-06,0.0992,0.512,79.997,0EjgTTN8AcUAjJPdz9uwU2
0.749,0.562,0,-8.45,1,0.0281,0.215,1.1e-06,0.105,0.807,115.008,4CcSw8wQAHYf4XNckayPoc
0.536,0.507,2,-7.917,0,0.0237,0.196,0.0594,0.101,0.213,147.965,2lYwg88PGIHbgTSnWgooXS
0.801,0.581,5,-8.491,0,0.0681,0.0968,0.000318,0.0971,0.656,107.545,2FK7fxjzQEXD7Z32HSF0Hl
0.715,0.573,0,-7.697,1,0.231,0.12,0.0,0.0596,0.799,161.59,1pCk3DYtWrmcCeMk7Q4jRY
0.775,0.729,1,-4.229,0,0.162,0.0303,0.00247,0.0361,0.895,104.719,7fFCnttacpotkyhTOxKv14
0.566,0.641,9,-8.072,0,0.0311,0.29,0.00574,0.136,0.533,118.092,2ANRFrq2BjYJcZSnBMTXeM
0.802,0.781,10,-4.494,0,0.32,0.234,0.0,0.131,0.703,88.916,1y22ZW33kYlSgSW2UtNVa8
0.804,0.746,11,-5.795,1,0.31,0.0616,0.0,0.103,0.857,165.96,4VxaDIwwxO63PlhVehoEu3
0.368,0.426,10,-8.049,1,0.0277,0.255,5.39e-06,0.108,0.208,106.52,4o5AS9PNLnSNru7XQsjesQ
0.405,0.589,6,-7.51,0,0.0586,0.252,0.0,0.661,0.808,83.373,23ehR4jpFQFMfDADgFdXR7
0.491,0.301,0,-12.209,0,0.0323,0.469,0.0,0.124,0.134,71.515,1i92ajqO6m8PflFHueyxW2
0.524,0.726,8,-6.505,1,0.23,0.193,0.0,0.395,0.635,204.031,5KhNIFP5RBwRhMOMDSW5IV
0.657,0.448,4,-11.327,0,0.0665,0.256,1.56e-06,0.117,0.32,80.077,3esp9R7h3JaortGDz34KvT
0.507,0.647,1,-5.736,0,0.0296,0.0398,0.00203,0.104,0.157,123.987,0a0In4Eo07yoETGNey6Ue4
0.814,0.686,7,-7.482,0,0.177,0.187,0.0,0.353,0.822,80.025,41fZNSyzwWGrvLrH2SVeDX
0.722,0.593,9,-6.507,1,0.134,0.0408,4.22e-05,0.367,0.774,97.94,6yEv37b5tW7tZAoIVeyLFC
0.531,0.519,10,-12.564,1,0.0312,0.683,4.95e-06,0.11,0.466,146.055,5UdMp4iIyjiFtUu5hRNGyb
0.467,0.79,11,-5.081,0,0.0315,0.206,0.0,0.162,0.528,82.002,67mHi4raz7MF9grzihDgK1
0.819,0.594,8,-9.484,1,0.0896,0.584,0.0,0.0896,0.81,151.971,6F1Cptd96AI9wlqwbioChL
0.48,0.843,5,-2.939,0,0.0607,0.00314,0.372,0.104,0.312,180.108,0hJkqXilelVn7zfrkeZduV
0.492,0.266,9,-11.946,1,0.0339,0.918,0.0,0.145,0.344,125.892,58QomoMiMPhWfZwrqOmUt0
0.566,0.904,8,-4.856,0,0.0457,0.00166,0.88,0.657,0.211,120.003,0KBqdWtNTdQZLntYsmFyRH
0.552,0.417,0,-11.977,0,0.0286,0.0647,0.00239,0.0908,0.169,82.01,6djzWyvJM4CzV1g1L8helW
0.632,0.2,2,-14.132,1,0.0291,0.666,0.000137,0.112,0.158,115.925,6qebaTmC4pgrh39r68RONr
0.392,0.618,0,-3.399,1,0.0312,0.00097,2.62e-05,0.218,0.228,144.306,6y5DbHoQMeqLVrWRhRMN7X
0.474,0.647,4,-5.506,0,0.034,0.114,3.31e-06,0.0777,0.292,154.0,7GWQgvnu4pQzFcUnHwWfAR
0.46,0.545,2,-6.706,0,0.0303,0.0345,9.52e-06,0.133,0.269,127.722,34BCOsxTyWF8amtcLia0zX
0.582,0.733,9,-6.45,1,0.0289,0.133,0.0,0.127,0.572,170.303,3FOHcbwHW1YKw526TmZyyx
0.55,0.371,0,-9.492,1,0.0297,0.828,0.0,0.189,0.275,117.92,7HpCjlUKmVagGet8axzAX2
0.574,0.581,10,-13.112,1,0.0325,0.349,0.855,0.16,0.767,78.462,79I6CgoOGfGiRFJtXYWZde
0.621,0.508,9,-7.705,1,0.0348,0.289,0.0218,0.344,0.212,100.904,6CvoLme4xu7hBmZi79rvR2
0.578,0.748,7,-8.702,1,0.0546,0.0145,0.723,0.11,0.345,81.107,5PKtqiUwkjveVYzmj4gMnz
0.562,0.394,0,-9.419,0,0.0456,0.0329,9.92e-06,0.103,0.255,130.121,5OrhgFri0Cp7G8CiJFgETh
0.361,0.454,0,-8.494,1,0.0305,0.0931,0.00146,0.0737,0.298,124.899,4oB0d8H93GtllDkoHNuLIN
0.633,0.787,5,-7.708,1,0.0543,0.21,0.0,0.121,0.48,84.975,7I7fLUK6IDGTxU5QRl7I8v
0.449,0.427,2,-7.815,1,0.0285,0.0106,1.6e-06,0.198,0.2,60.985,5yW7add6PtGfDDgo3tKBdi
0.544,0.585,0,-8.661,0,0.0505,0.61,2.39e-06,0.198,0.718,185.961,4rirIXfDRE3G9buCYVuk2V
0.423,0.622,1,-7.837,0,0.0393,0.18,0.0,0.154,0.277,141.722,0ourknRpwZwCHAkR0qWQQn
0.411,0.686,6,-7.497,0,0.0423,0.03,0.000377,0.124,0.359,116.856,54ACflhAG0Wqjenff78hkK
0.894,0.832,11,-4.723,0,0.0557,0.295,0.000364,0.0827,0.901,122.885,1xrNLqTt0HmrwdZhigBAim
0.558,0.221,9,-11.671,1,0.0408,0.804,0.0,0.0907,0.233,108.938,6utV33OqCk2MxxRERcTUFY
0.449,0.153,7,-19.152,1,0.0314,0.743,0.0,0.181,0.232,142.915,31FjjDEGSZLkMVgXcMXBeM
0.351,0.498,5,-9.568,0,0.0311,0.317,0.00516,0.661,0.226,85.946,0nqxQ69fIXbNdmyYi6QTa0
0.631,0.563,9,-5.356,1,0.027,0.41,0.00218,0.11,0.214,126.023,6ULGnRJZX7AnrCY8sYyKJk
0.644,0.337,10,-11.261,0,0.0357,0.681,0.000208,0.108,0.376,82.992,4S4Amrpr631M16IIXqRk73
0.756,0.508,4,-9.352,1,0.0285,0.162,1.45e-05,0.0954,0.392,109.924,5EbUsva97WQdkTcgP7qW0W
0.532,0.731,0,-7.406,1,0.0263,0.308,0.000411,0.192,0.582,131.952,0MogvLVcTdLStrlAmJ6YO0
0.772,0.45,9,-8.369,1,0.0265,0.0791,0.00635,0.0699,0.793,98.472,3XxXYVff48kJx5e8XwerSp
0.447,0.246,10,-12.44,0,0.0391,0.883,0.000907,0.0918,0.13,111.563,63GbyJ6tPZKp3aOjj88n7U
0.653,0.412,2,-10.492,0,0.0279,0.691,0.00251,0.12,0.179,80.024,3RZa5Jo8t4afAKZl9t3Nn6
0.914,0.384,9,-9.891,0,0.0449,0.278,0.793,0.108,0.759,123.995,1cnwPxt0uWxLOjBga0UhTD
0.49,0.339,7,-7.984,1,0.0317,0.838,0.0,0.111,0.229,80.498,4KIIypRyOMEHq8LYtTt68r
0.464,0.712,10,-5.123,0,0.0317,0.174,1.46e-05,0.0992,0.33,131.887,7eunkM3TVbhBSuWirm0JSv
0.503,0.441,0,-9.658,1,0.0373,0.425,0.0,0.4,0.298,64.054,0eZ4bLUnh0NkGwCEmPvRYI
0.747,0.412,5,-6.497,0,0.197,0.039,0.0,0.0596,0.846,175.926,7x5LCTFqPNB7hB7SYguNyB
0.409,0.553,9,-6.453,0,0.0251,0.0717,0.297,0.102,0.188,94.11,7He1jB0h1yhJicRk0dGe0i
0.674,0.84,9,-3.915,1,0.0408,0.374,0.00919,0.101,0.734,117.92,2UZWk87Oql3Ukys4FCAnrE
0.447,0.568,2,-4.975,1,0.0305,0.295,3.26e-06,0.355,0.149,90.933,6bS7DqTuzrpkluB7boWmw2
0.686,0.49,11,-10.385,1,0.0359,0.748,0.0,0.444,0.916,128.293,4EyzhvYqC5uDA8iYTZNKiw
0.693,0.353,0,-17.852,1,0.0414,0.0704,0.00113,0.503,0.75,104.143,7rPzEczIS574IgPaiPieS3
0.766,0.481,7,-10.309,0,0.0482,0.5,6.6e-05,0.204,0.471,114.974,1L2QI40IocxyVcaTDOmwBv
0.516,0.821,0,-6.031,1,0.0352,0.0141,0.0,0.147,0.726,122.974,05dlVDXsQLmClaTo87Q5j9
0.776,0.435,9,-13.473,1,0.032,0.076,0.0123,0.105,0.642,110.022,0OESJNZJE555ptFhTElkQL
0.296,0.695,9,-7.172,1,0.0383,0.000865,2e-06,0.116,0.302,113.53,3q7zMxaqANXd2MSfTsQLQo
0.218,0.826,0,-3.671,1,0.0495,0.156,9.78e-05,0.306,0.283,86.387,31aUkAzm8zzQa6UQLwxhmR
0.607,0.788,7,-5.326,1,0.0293,0.0151,0.0136,0.173,0.334,118.696,04UWtAIMwi67MG8uHwYqgK
0.77,0.558,11,-10.741,1,0.0339,0.369,0.0256,0.134,0.735,140.034,6j4AgZeJjnSohr3FXQKN5E
0.849,0.563,11,-8.471,0,0.0438,0.228,0.000448,0.0664,0.623,117.009,3dSufNX8zV2Dz6vmxcQW2w
0.518,0.484,3,-7.95,1,0.0289,0.174,0.0111,0.105,0.2,128.145,3Qp5JN3X4IpnaPxSMC9ayh
0.701,0.569,0,-6.587,1,0.0272,0.293,1.72e-05,0.0703,0.523,80.186,7prFpeH9fXA7cL6ZZWLePs
0.555,0.479,0,-8.772,1,0.0474,0.544,0.0,0.077,0.388,146.019,681Gv9GzBvOhmJ2Qiv3CSk
0.542,0.924,2,-6.272,0,0.0531,0.0659,0.624,0.579,0.349,130.507,585e9JpP6RwIhMpQ1xt40V
0.639,0.913,9,-5.173,0,0.0487,0.0026,0.00108,0.0945,0.54,128.031,0Lzr0JQJFqrQxySs7ne8Xh
0.77,0.319,10,-13.842,0,0.0385,0.559,0.315,0.112,0.506,112.824,4loBJARTlMMaCIPPBWgLPQ
0.582,0.378,0,-11.56,1,0.0314,0.246,0.00126,0.11,0.145,117.014,5mtW8Fo5sjFQY6nA10mDIy
0.624,0.562,6,-6.386,1,0.0332,0.226,0.0,0.0615,0.205,83.059,3HFWYNE9ln7SJxRwdfnTkS
0.634,0.641,5,-10.989,1,0.0255,0.252,0.00321,0.0723,0.77,100.994,43QnJAIsnSu73d3Ks0tWKT
0.673,0.843,1,-5.379,0,0.0306,0.0458,0.0175,0.178,0.202,109.951,7lcpS3kT0ydjgFGe1uMKnL
0.732,0.994,7,-4.812,0,0.0397,0.00648,0.0238,0.138,0.0594,134.286,52PYQA6qjO2HEg8hAsfGmt
0.592,0.572,4,-6.479,0,0.0294,0.0273,0.00112,0.0596,0.893,179.967,2FD73lY4vibsp0tvAaxk02
0.658,0.528,2,-7.472,1,0.0338,0.578,0.0,0.175,0.397,84.126,5BZkHYsWT6zgU55JiOUS0t
0.805,0.425,8,-8.944,0,0.0613,0.49,0.0,0.12,0.773,120.994,75MmVbGfnCSwBWXuW3ME8O
0.604,0.681,2,-8.84,0,0.0423,0.47,0.0,0.133,0.53,120.038,5lR1Xmzll5kDnAYsNyDXqz
0.589,0.364,2,-9.448,1,0.0258,0.819,2.05e-05,0.16,0.346,101.813,7uyBua292O4CfLvFsTJv8e
0.611,0.489,1,-8.378,0,0.0307,0.385,0.000653,0.111,0.441,107.675,6E0jKhtsCJQCrPKIpZGhS2
0.269,0.57,9,-7.893,0,0.0341,0.0129,0.000131,0.145,0.269,138.794,2QhH7Axk0bI3O5BN9gFsBM
0.677,0.464,6,-10.239,1,0.0294,0.273,0.000266,0.0527,0.535,122.064,4qsjr2H2vM49i7wZYqzrje
0.573,0.557,9,-9.778,1,0.0283,0.000247,2.26e-05,0.271,0.519,81.536,4SLY61BWDF7uZ8RcuuPDaE
0.593,0.642,2,-7.284,1,0.0299,0.313,0.000582,0.0804,0.736,76.403,5TAf4lnZCZTLlZHNZMLFLi
0.27,0.388,2,-11.025,0,0.0281,0.722,7.53e-05,0.122,0.131,169.664,3EBtCPMs99MCo2CNyxKpeN
0.474,0.458,0,-8.693,1,0.0294,0.291,5.71e-06,0.168,0.39,138.155,77rSf72EoIHK7cUe2KjiXB
0.723,0.606,11,-8.337,1,0.0339,0.108,2.17e-05,0.181,0.879,165.994,4PvbyJfbqLxE7L4Yj7xCSy
0.772,0.926,0,-4.275,1,0.0288,0.00267,2.47e-05,0.0543,0.964,96.133,6UuKbF6eNcC7a7oxymRzg4
0.792,0.728,11,-5.44,0,0.0909,0.233,1.95e-06,0.113,0.351,94.037,6kkuSIbriMeEemkfZNLoIc
0.421,0.544,8,-10.793,1,0.0274,0.0253,2.87e-06,0.102,0.191,80.561,3HD1JXSelUcNBZ4ySmSETX
0.748,0.551,1,-9.054,1,0.0239,0.243,1.57e-06,0.0943,0.65,113.535,6RNDeRnWsRMjPdNVgupZCs
0.28,0.632,10,-6.065,1,0.035,0.206,0.384,0.123,0.121,160.497,5YYQOJf5Z2OTD0DFNwFdnF
0.629,0.876,0,-10.141,1,0.0444,0.0864,7.72e-05,0.0431,0.358,118.01,48p5E25cFPanxuwCTmTpuL
0.675,0.479,0,-9.87,0,0.0278,0.633,1.76e-05,0.088,0.454,81.998,0vg4WnUWvze6pBOJDTq99k
0.656,0.354,2,-10.034,0,0.0447,0.849,0.000176,0.102,0.327,120.348,7CnmrH37yHub8PoKFaGUo5
0.727,0.586,2,-8.729,1,0.0244,0.172,0.000466,0.0886,0.531,105.009,2Lqe3UeP8VRjhCOYc9kWXi
0.766,0.693,10,-10.261,0,0.0259,0.596,0.0,0.332,0.966,114.227,3pw1O15VrDGqD2HNL199fB
0.82,0.716,2,-8.169,1,0.0275,0.0609,0.0,0.128,0.971,105.877,3QXDD1xA2RV2OOPjyMvtFO
0.242,0.833,9,-3.69,1,0.0556,0.0198,1.64e-05,0.0787,0.466,184.947,7KTrbvfUDmGPbWA6w8Gkh9
0.37,0.707,7,-4.283,0,0.0296,0.0129,0.000529,0.194,0.113,93.957,0rI20qq4FlFw7d6PFxBl7B
0.837,0.46,8,-14.023,1,0.0802,0.0196,0.000439,0.265,0.856,103.383,0nWzKTqCyGjNQOsWi2EDhU
0.519,0.595,2,-5.001,1,0.0283,0.00151,0.0,0.0762,0.237,129.786,1Ame8XTX6QHY0l0ahqUhgv
0.549,0.877,2,-5.333,1,0.0368,0.0303,0.00182,0.139,0.321,152.102,3fss3tOLX03oysBCXt9MWM
0.309,0.596,5,-5.599,1,0.0293,0.101,0.0,0.21,0.161,164.587,1zng9uqqXoPkmU05nsAlsw
0.28,0.726,2,-5.733,0,0.0383,0.0182,1.48e-06,0.249,0.164,160.004,1FiaulrCVvBxVfDTzkv9DK
0.494,0.658,8,-5.84,1,0.0487,0.674,4.11e-05,0.0907,0.19,96.73,51YxkVZOPfnBqTHCnK1AU3
0.518,0.32,9,-9.052,0,0.0696,0.918,6.25e-06,0.106,0.243,83.412,48VHApIPTgDGiBMgCbaeCk
0.546,0.315,2,-11.208,1,0.0324,0.601,3.43e-06,0.0795,0.0756,82.951,0HuNPrWCyZpCx59pu9ON99
0.624,0.588,7,-5.556,1,0.0324,0.545,7.35e-05,0.387,0.449,80.022,3leVSmwGhwAlLvRj3yKZUb
0.413,0.39,4,-12.557,0,0.0346,0.32,0.000238,0.0918,0.35,143.861,1qr9bymNcBLy71PnO15jWi
0.385,0.395,7,-7.602,1,0.0313,0.58,6.31e-05,0.159,0.21,72.933,0W1uTK6I97CbjFKAVtRGfK
0.613,0.736,2,-5.551,0,0.031,0.000388,0.0482,0.186,0.486,119.991,2YtGRSOyUBzvmavhAV73XD
0.639,0.974,11,-5.333,0,0.041,0.00991,0.00134,0.227,0.59,135.982,6j3WN0gGNXMrPkfyqkiXSe
0.614,0.84,7,-3.547,1,0.0531,0.0306,0.0,0.12,0.345,159.022,7wpoZLglNg4T3RORmM4lEH
0.821,0.221,0,-13.116,1,0.0366,0.389,0.000953,0.0859,0.147,112.925,2CoOb7f00S9B7y4IyB2bT6
0.425,0.546,4,-5.497,1,0.0268,0.478,0.0,0.0992,0.392,79.862,3Iv0NnS4JQ5ScVIvLRN35k
0.412,0.122,9,-16.629,1,0.0526,0.867,0.000176,0.113,0.436,82.997,3ds8MVretjK7kQqYw3KXOP
0.528,0.457,8,-7.348,1,0.0353,0.213,0.0,0.103,0.289,151.766,7pSr5TCyEHPPRTXJNAtkNz
0.581,0.792,10,-4.865,0,0.105,0.126,0.0,0.218,0.765,165.87,2cLkbG1CruaAaOt9WsHpaq
0.642,0.512,7,-10.474,1,0.0314,0.305,0.679,0.112,0.0386,100.045,34kCkQP0ndnqBHfwpMVVNb
0.404,0.266,10,-16.688,1,0.0334,0.716,0.133,0.107,0.491,88.916,7KWoeBqSdZHEloYKVxssfG
0.648,0.622,7,-6.063,1,0.0428,0.00152,5.97e-05,0.109,0.51,88.684,0BUoLE4o9eVahDHvTqak67
0.743,0.675,8,-4.267,0,0.0953,0.0251,0.000717,0.0685,0.59,92.909,1KGi9sZVMeszgZOWivFpxs
0.582,0.73,10,-5.726,0,0.0418,0.157,8.56e-06,0.0612,0.301,125.421,17v4BXFKtbYmJFPqBgpGla
0.541,0.72,11,-5.021,0,0.0333,0.00516,0.00231,0.0969,0.539,136.809,2LhnW02jJHTYgtBpk9BVrs
0.831,0.735,0,-6.254,0,0.0384,0.00397,0.0205,0.123,0.97,122.979,5EYdTPdJD74r9EVZBztqGG
0.51,0.798,1,-8.419,1,0.0524,0.587,1.15e-05,0.0591,0.788,154.417,2ZvxVooX6KcXDxhymTTk2H
0.398,0.846,7,-4.33,1,0.074,0.00134,0.00499,0.321,0.228,126.242,22nbHv0DlwHA5BYATieA6b
0.154,0.306,2,-12.09,0,0.0354,0.299,0.000992,0.075,0.0622,156.085,2RfxehhGQvRSUycsyt8cBF
0.759,0.668,10,-6.31,0,0.228,0.0809,0.0,0.586,0.32,95.113,0BW2kb7IHdH2QnWwvXqeqe
0.719,0.695,9,-7.858,0,0.0568,0.357,0.107,0.343,0.441,82.502,3iyMN5JhGnJXvKvFr8Mf7S
0.293,0.463,7,-9.618,1,0.033,0.572,9.55e-06,0.347,0.145,118.183,7rZ3Gqfwh5SuM5tvHK1eAq
0.58,0.834,6,-6.787,0,0.0342,0.00448,0.735,0.154,0.884,124.485,7wS5a9XRsgCFFTqKbhcpEt
0.341,0.682,2,-5.159,0,0.0526,0.0939,0.0,0.097,0.305,175.878,5gosXiL0WrOKWiM2j63457
0.547,0.257,0,-12.358,1,0.0252,0.907,0.183,0.0935,0.169,75.752,7pKfPomDEeI4TPT6EOYjn9
0.383,0.84,10,-6.293,1,0.0397,0.00158,0.0031,0.293,0.434,179.516,37EO7XFYGf7lQ81fBPBkPX
0.595,0.664,2,-7.575,0,0.0356,0.00234,0.0609,0.0652,0.188,87.03,02zclmxRto3GAUBdtV7D8i
0.446,0.9,10,-3.541,0,0.0489,0.000102,1.89e-05,0.0404,0.88,187.961,4bCOAuhvjsxbVBM5MM8oik
0.601,0.933,6,-5.925,0,0.0499,0.00104,0.000224,0.217,0.733,104.987,6OcE7aXYmNEwF6H7Ei9Y3q
0.753,0.747,0,-6.827,1,0.0583,0.0609,0.00116,0.222,0.288,105.035,4AUqttoxtyqwDLi8eg9Vdj
0.524,0.489,2,-7.828,1,0.0274,0.578,0.000624,0.186,0.443,127.768,4wYCe9tSmUolNU4WmJKbZy
0.526,0.94,1,-2.851,1,0.297,0.0329,0.0,0.0511,0.683,91.499,0jkfWhgQ2cIgozosL834aZ
0.367,0.438,3,-9.78,0,0.034,0.245,4.97e-05,0.116,0.142,119.408,6TYFXyFTDZ6qwFPuBJfWpK
0.662,0.561,7,-6.424,0,0.0676,0.075,0.0,0.211,0.36,77.486,4olmG0sFJ6L0LVI8ssiZFz
0.666,0.399,0,-8.402,1,0.043,0.715,0.0,0.0885,0.431,131.871,4EAwyHa1i80D8TGbc18BHc
0.624,0.725,0,-6.482,1,0.128,0.108,0.0,0.3,0.678,91.898,2gRJ9Odj7jbVAqafKyj1SY
0.7,0.464,8,-8.114,0,0.0311,0.889,0.0,0.0824,0.536,128.075,7hqCHNJRmEodxk5faG5qTW
0.622,0.755,4,-8.201,1,0.0292,0.367,8.7e-05,0.143,0.39,149.056,50xSKoxTqK0C58p40zkxBf
0.778,0.756,1,-7.323,1,0.0407,0.029,0.000277,0.0659,0.244,101.33,5whIG7u2VjyILwGqm9dkDD
0.787,0.563,5,-8.997,0,0.0644,0.119,0.0,0.111,0.88,93.041,6IxQAr09Uon9RwiAEyD7F7
0.673,0.414,2,-8.252,1,0.0428,0.664,1.59e-05,0.115,0.594,147.928,4O1xKPHOH7iXlzMNUDuxHS
0.622,0.704,7,-5.222,1,0.0276,0.0109,0.0098,0.0634,0.461,79.973,7e1xwG8jnFyCWtHXt0P4AM
0.518,0.563,11,-7.628,1,0.0401,0.167,0.0,0.108,0.664,75.973,79OQvCW2mEl9FbYEKPERgT
0.855,0.665,8,-13.156,0,0.112,0.338,0.000122,0.279,0.96,99.902,33FrM0i2g7uosARZ4aCFk1
0.531,0.555,3,-8.671,0,0.035,0.873,0.000447,0.117,0.252,131.042,7JXABzRqqAeF2nBzEyQlxV
0.507,0.762,2,-4.794,1,0.0289,0.0058,0.000252,0.105,0.382,90.01,6IMm9KWpiMVZRnhkCKjAvP
0.537,0.494,8,-9.753,1,0.027,0.287,0.0,0.077,0.545,145.956,2QeYIWk6icCkaAjuSAqeRm
0.37,0.684,2,-4.671,1,0.0399,0.615,0.0113,0.345,0.288,75.246,2N31fXtzVXJOVkyLqD8cgq
0.563,0.374,7,-9.838,1,0.0439,0.744,4.16e-06,0.156,0.187,139.97,6koFOCCg5UV7zStLW92lco
0.421,0.525,5,-7.581,0,0.0286,0.462,0.0073,0.126,0.12,129.804,5yHNUfnkKO67WyQAW0l5tq
0.516,0.714,5,-6.286,0,0.0497,0.321,0.0,0.064,0.339,82.539,3Dp49tho4cUwwrogE2SQaG
0.501,0.482,9,-7.207,1,0.0272,0.00455,0.00029,0.0881,0.41,145.113,0g6tODYLV4432gRFjcU3kt
0.721,0.557,6,-11.468,0,0.0481,0.01,0.0,0.0682,0.688,80.004,6qeC9pktUGyNvV5tCgTmIO
0.262,0.585,1,-4.196,0,0.0366,0.00275,0.0,0.0614,0.272,74.832,4Tbuh5q66Ygubei5Xru4jB
0.528,0.431,9,-6.59,1,0.0283,0.629,0.000162,0.0946,0.293,139.741,5UdJ8CYTtVk5zzqhbPMA18
0.72,0.445,0,-10.231,1,0.0298,0.584,0.326,0.0806,0.252,125.968,0Swzwp21tjgCJnpsY9ECQd
0.725,0.583,1,-9.942,0,0.0427,0.3,0.000238,0.0665,0.762,79.984,3yUcJwYu7fXAfqMj9krY6l
0.531,0.469,7,-5.605,1,0.0302,0.00132,0.000145,0.0644,0.289,76.028,5eLrilyRL5JJO3P4N7TTl6
0.534,0.533,4,-8.323,1,0.0267,0.43,1.75e-05,0.147,0.349,80.962,10uL8zMFDZVfB9voq9PQPB
0.567,0.746,0,-7.238,1,0.0546,0.0118,0.0638,0.238,0.271,104.0,0xKpwhxHInwPZRxbhlXSVj
0.641,0.314,6,-13.316,1,0.0894,0.899,0.0,0.0704,0.248,135.795,4pN8wW7nFECCJlutZ5mrgg
